{"level":"ERROR","time":"2025-08-04T19:02:09.661+0800","caller":"discovery/resolver.go:101","msg":"sync failed","error":"context deadline exceeded"}
{"level":"ERROR","time":"2025-08-04T19:03:09.660+0800","caller":"discovery/resolver.go:101","msg":"sync failed","error":"context deadline exceeded"}
{"level":"ERROR","time":"2025-08-04T19:04:09.661+0800","caller":"discovery/resolver.go:101","msg":"sync failed","error":"context deadline exceeded"}
{"level":"ERROR","time":"2025-08-04T19:05:09.660+0800","caller":"discovery/resolver.go:101","msg":"sync failed","error":"context deadline exceeded"}
{"level":"ERROR","time":"2025-08-04T19:06:09.661+0800","caller":"discovery/resolver.go:101","msg":"sync failed","error":"context deadline exceeded"}
{"level":"ERROR","time":"2025-08-04T19:07:09.661+0800","caller":"discovery/resolver.go:101","msg":"sync failed","error":"context deadline exceeded"}
{"level":"ERROR","time":"2025-08-04T19:08:09.661+0800","caller":"discovery/resolver.go:101","msg":"sync failed","error":"context deadline exceeded"}
{"level":"ERROR","time":"2025-08-04T19:09:09.660+0800","caller":"discovery/resolver.go:101","msg":"sync failed","error":"context deadline exceeded"}
{"level":"ERROR","time":"2025-08-06T16:00:18.890+0800","caller":"discovery/discovery.go:117","msg":"register failed","error":"context deadline exceeded"}
{"level":"ERROR","time":"2025-08-06T16:00:21.894+0800","caller":"discovery/discovery.go:117","msg":"register failed","error":"context deadline exceeded"}
{"level":"ERROR","time":"2025-08-06T16:04:56.530+0800","caller":"login_service_v1/login_service.go:59","msg":"Register从redis获取验证码失败","error":"redis: nil"}
{"level":"ERROR","time":"2025-08-06T17:17:55.808+0800","caller":"login_service_v1/login_service.go:59","msg":"Register从redis获取验证码失败","error":"redis: nil"}
{"level":"ERROR","time":"2025-08-06T17:36:17.992+0800","caller":"login_service_v1/login_service.go:59","msg":"Register从redis获取验证码失败","error":"redis: nil"}
{"level":"ERROR","time":"2025-08-06T17:36:20.170+0800","caller":"login_service_v1/login_service.go:59","msg":"Register从redis获取验证码失败","error":"redis: nil"}
{"level":"ERROR","time":"2025-08-06T17:36:27.443+0800","caller":"login_service_v1/login_service.go:59","msg":"Register从redis获取验证码失败","error":"redis: nil"}
{"level":"ERROR","time":"2025-08-07T17:58:58.938+0800","caller":"login_service_v1/login_service.go:134","msg":"register SaveOrganization db err","error":"Error 1406 (22001): Data too long for column 'avatar' at row 1"}
{"level":"ERROR","time":"2025-08-08T11:04:06.717+0800","caller":"login_service_v1/login_service.go:149","msg":"Login向db查询用户信息失败","error":"Error 1064 (42000): You have an error in your SQL syntax; check the manual that corresponds to your MySQL server version for the right syntax to use near '?and password=? ORDER BY `ms_member`.`id` LIMIT ?' at line 1"}
{"level":"ERROR","time":"2025-08-09T16:19:48.296+0800","caller":"login_service_v1/login_service.go:194","msg":"TokenVerify解析token失败","error":"token contains an invalid number of segments"}
{"level":"ERROR","time":"2025-08-09T16:29:17.061+0800","caller":"login_service_v1/login_service.go:194","msg":"TokenVerify解析token失败","error":"tokenstring should not contain 'bearer '"}
{"level":"ERROR","time":"2025-08-10T10:01:06.820+0800","caller":"discovery/discovery.go:117","msg":"register failed","error":"context deadline exceeded"}
{"level":"ERROR","time":"2025-08-10T10:01:07.128+0800","caller":"discovery/discovery.go:117","msg":"register failed","error":"context deadline exceeded"}
{"level":"ERROR","time":"2025-08-10T10:01:09.839+0800","caller":"discovery/discovery.go:117","msg":"register failed","error":"context deadline exceeded"}
{"level":"ERROR","time":"2025-08-10T10:01:10.130+0800","caller":"discovery/discovery.go:117","msg":"register failed","error":"context deadline exceeded"}
{"level":"ERROR","time":"2025-08-10T10:01:12.840+0800","caller":"discovery/discovery.go:117","msg":"register failed","error":"context deadline exceeded"}
{"level":"ERROR","time":"2025-08-10T10:01:13.130+0800","caller":"discovery/discovery.go:117","msg":"register failed","error":"context deadline exceeded"}
{"level":"ERROR","time":"2025-08-10T10:01:15.841+0800","caller":"discovery/discovery.go:117","msg":"register failed","error":"context deadline exceeded"}
{"level":"ERROR","time":"2025-08-10T10:01:16.131+0800","caller":"discovery/discovery.go:117","msg":"register failed","error":"context deadline exceeded"}
{"level":"ERROR","time":"2025-08-10T10:01:18.842+0800","caller":"discovery/discovery.go:117","msg":"register failed","error":"context deadline exceeded"}
{"level":"ERROR","time":"2025-08-10T10:01:19.132+0800","caller":"discovery/discovery.go:117","msg":"register failed","error":"context deadline exceeded"}
{"level":"ERROR","time":"2025-08-10T10:01:21.842+0800","caller":"discovery/discovery.go:117","msg":"register failed","error":"context deadline exceeded"}
{"level":"ERROR","time":"2025-08-10T10:01:22.133+0800","caller":"discovery/discovery.go:117","msg":"register failed","error":"context deadline exceeded"}
{"level":"ERROR","time":"2025-08-10T10:01:24.843+0800","caller":"discovery/discovery.go:117","msg":"register failed","error":"context deadline exceeded"}
{"level":"ERROR","time":"2025-08-10T10:01:25.133+0800","caller":"discovery/discovery.go:117","msg":"register failed","error":"context deadline exceeded"}
{"level":"ERROR","time":"2025-08-10T10:01:27.843+0800","caller":"discovery/discovery.go:117","msg":"register failed","error":"context deadline exceeded"}
{"level":"ERROR","time":"2025-08-10T10:01:28.133+0800","caller":"discovery/discovery.go:117","msg":"register failed","error":"context deadline exceeded"}
{"level":"ERROR","time":"2025-08-10T10:01:30.843+0800","caller":"discovery/discovery.go:117","msg":"register failed","error":"context deadline exceeded"}
{"level":"ERROR","time":"2025-08-10T10:01:31.134+0800","caller":"discovery/discovery.go:117","msg":"register failed","error":"context deadline exceeded"}
{"level":"ERROR","time":"2025-08-10T10:01:33.844+0800","caller":"discovery/discovery.go:117","msg":"register failed","error":"context deadline exceeded"}
{"level":"ERROR","time":"2025-08-10T10:01:34.134+0800","caller":"discovery/discovery.go:117","msg":"register failed","error":"context deadline exceeded"}
{"level":"ERROR","time":"2025-08-10T10:01:36.845+0800","caller":"discovery/discovery.go:117","msg":"register failed","error":"context deadline exceeded"}
{"level":"ERROR","time":"2025-08-10T10:01:37.135+0800","caller":"discovery/discovery.go:117","msg":"register failed","error":"context deadline exceeded"}
{"level":"ERROR","time":"2025-08-10T10:01:39.845+0800","caller":"discovery/discovery.go:117","msg":"register failed","error":"context deadline exceeded"}
{"level":"ERROR","time":"2025-08-10T10:01:40.136+0800","caller":"discovery/discovery.go:117","msg":"register failed","error":"context deadline exceeded"}
{"level":"ERROR","time":"2025-08-10T10:01:42.846+0800","caller":"discovery/discovery.go:117","msg":"register failed","error":"context deadline exceeded"}
{"level":"ERROR","time":"2025-08-10T10:01:43.136+0800","caller":"discovery/discovery.go:117","msg":"register failed","error":"context deadline exceeded"}
{"level":"ERROR","time":"2025-08-10T10:01:45.846+0800","caller":"discovery/discovery.go:117","msg":"register failed","error":"context deadline exceeded"}
{"level":"ERROR","time":"2025-08-10T10:01:46.137+0800","caller":"discovery/discovery.go:117","msg":"register failed","error":"context deadline exceeded"}
{"level":"ERROR","time":"2025-08-10T10:01:48.847+0800","caller":"discovery/discovery.go:117","msg":"register failed","error":"context deadline exceeded"}
{"level":"ERROR","time":"2025-08-10T10:01:49.138+0800","caller":"discovery/discovery.go:117","msg":"register failed","error":"context deadline exceeded"}
{"level":"ERROR","time":"2025-08-10T10:01:51.847+0800","caller":"discovery/discovery.go:117","msg":"register failed","error":"context deadline exceeded"}
{"level":"ERROR","time":"2025-08-10T10:01:52.139+0800","caller":"discovery/discovery.go:117","msg":"register failed","error":"context deadline exceeded"}
{"level":"ERROR","time":"2025-08-10T10:01:54.850+0800","caller":"discovery/discovery.go:117","msg":"register failed","error":"context deadline exceeded"}
{"level":"ERROR","time":"2025-08-10T10:01:55.139+0800","caller":"discovery/discovery.go:117","msg":"register failed","error":"context deadline exceeded"}
{"level":"ERROR","time":"2025-08-10T10:01:57.850+0800","caller":"discovery/discovery.go:117","msg":"register failed","error":"context deadline exceeded"}
{"level":"ERROR","time":"2025-08-10T10:01:58.139+0800","caller":"discovery/discovery.go:117","msg":"register failed","error":"context deadline exceeded"}
{"level":"ERROR","time":"2025-08-10T10:02:00.851+0800","caller":"discovery/discovery.go:117","msg":"register failed","error":"context deadline exceeded"}
{"level":"ERROR","time":"2025-08-10T10:02:01.140+0800","caller":"discovery/discovery.go:117","msg":"register failed","error":"context deadline exceeded"}
{"level":"ERROR","time":"2025-08-10T10:02:03.851+0800","caller":"discovery/discovery.go:117","msg":"register failed","error":"context deadline exceeded"}
{"level":"ERROR","time":"2025-08-10T10:02:04.038+0800","caller":"discovery/resolver.go:101","msg":"sync failed","error":"context deadline exceeded"}
{"level":"ERROR","time":"2025-08-10T10:02:04.044+0800","caller":"discovery/resolver.go:101","msg":"sync failed","error":"context deadline exceeded"}
{"level":"ERROR","time":"2025-08-10T10:02:04.140+0800","caller":"discovery/discovery.go:117","msg":"register failed","error":"context deadline exceeded"}
{"level":"ERROR","time":"2025-08-10T10:02:06.852+0800","caller":"discovery/discovery.go:117","msg":"register failed","error":"context deadline exceeded"}
{"level":"ERROR","time":"2025-08-10T10:02:07.141+0800","caller":"discovery/discovery.go:117","msg":"register failed","error":"context deadline exceeded"}
{"level":"ERROR","time":"2025-08-10T10:02:09.853+0800","caller":"discovery/discovery.go:117","msg":"register failed","error":"context deadline exceeded"}
{"level":"ERROR","time":"2025-08-10T10:02:10.143+0800","caller":"discovery/discovery.go:117","msg":"register failed","error":"context deadline exceeded"}
{"level":"ERROR","time":"2025-08-10T10:02:12.853+0800","caller":"discovery/discovery.go:117","msg":"register failed","error":"context deadline exceeded"}
{"level":"ERROR","time":"2025-08-10T10:02:13.143+0800","caller":"discovery/discovery.go:117","msg":"register failed","error":"context deadline exceeded"}
{"level":"ERROR","time":"2025-08-10T10:02:15.854+0800","caller":"discovery/discovery.go:117","msg":"register failed","error":"context deadline exceeded"}
{"level":"ERROR","time":"2025-08-10T10:02:16.144+0800","caller":"discovery/discovery.go:117","msg":"register failed","error":"context deadline exceeded"}
{"level":"ERROR","time":"2025-08-10T10:02:18.854+0800","caller":"discovery/discovery.go:117","msg":"register failed","error":"context deadline exceeded"}
{"level":"ERROR","time":"2025-08-10T10:02:19.144+0800","caller":"discovery/discovery.go:117","msg":"register failed","error":"context deadline exceeded"}
{"level":"ERROR","time":"2025-08-10T10:02:21.854+0800","caller":"discovery/discovery.go:117","msg":"register failed","error":"context deadline exceeded"}
{"level":"ERROR","time":"2025-08-10T10:02:22.145+0800","caller":"discovery/discovery.go:117","msg":"register failed","error":"context deadline exceeded"}
{"level":"ERROR","time":"2025-08-10T10:02:24.855+0800","caller":"discovery/discovery.go:117","msg":"register failed","error":"context deadline exceeded"}
{"level":"ERROR","time":"2025-08-10T10:02:25.145+0800","caller":"discovery/discovery.go:117","msg":"register failed","error":"context deadline exceeded"}
{"level":"ERROR","time":"2025-08-10T10:02:27.855+0800","caller":"discovery/discovery.go:117","msg":"register failed","error":"context deadline exceeded"}
{"level":"ERROR","time":"2025-08-10T10:02:28.146+0800","caller":"discovery/discovery.go:117","msg":"register failed","error":"context deadline exceeded"}
{"level":"ERROR","time":"2025-08-10T10:02:30.857+0800","caller":"discovery/discovery.go:117","msg":"register failed","error":"context deadline exceeded"}
{"level":"ERROR","time":"2025-08-10T10:02:31.147+0800","caller":"discovery/discovery.go:117","msg":"register failed","error":"context deadline exceeded"}
{"level":"ERROR","time":"2025-08-10T10:02:33.858+0800","caller":"discovery/discovery.go:117","msg":"register failed","error":"context deadline exceeded"}
{"level":"ERROR","time":"2025-08-10T10:02:34.148+0800","caller":"discovery/discovery.go:117","msg":"register failed","error":"context deadline exceeded"}
{"level":"ERROR","time":"2025-08-10T10:02:36.860+0800","caller":"discovery/discovery.go:117","msg":"register failed","error":"context deadline exceeded"}
{"level":"ERROR","time":"2025-08-10T10:02:37.149+0800","caller":"discovery/discovery.go:117","msg":"register failed","error":"context deadline exceeded"}
{"level":"ERROR","time":"2025-08-11T15:06:39.484+0800","caller":"login_service_v1/login_service.go:211","msg":"TokenVerify向db查询用户信息失败","error":"record not found"}
{"level":"ERROR","time":"2025-08-11T15:06:44.437+0800","caller":"login_service_v1/login_service.go:211","msg":"TokenVerify向db查询用户信息失败","error":"record not found"}
{"level":"ERROR","time":"2025-08-11T15:06:51.995+0800","caller":"login_service_v1/login_service.go:211","msg":"TokenVerify向db查询用户信息失败","error":"record not found"}
{"level":"ERROR","time":"2025-08-11T15:06:52.003+0800","caller":"login_service_v1/login_service.go:211","msg":"TokenVerify向db查询用户信息失败","error":"record not found"}
{"level":"ERROR","time":"2025-08-11T15:26:15.135+0800","caller":"login_service_v1/login_service.go:211","msg":"TokenVerify向db查询用户信息失败","error":"record not found"}
{"level":"ERROR","time":"2025-08-11T15:26:15.142+0800","caller":"login_service_v1/login_service.go:211","msg":"TokenVerify向db查询用户信息失败","error":"record not found"}
{"level":"ERROR","time":"2025-08-11T15:28:46.295+0800","caller":"project_service_v1/project_service.go:68","msg":"FindProjectByMemId db error","error":"Error 1054 (42S22): Unknown column 'archive' in 'where clause'"}
{"level":"ERROR","time":"2025-08-11T15:28:47.016+0800","caller":"project_service_v1/project_service.go:68","msg":"FindProjectByMemId db error","error":"Error 1054 (42S22): Unknown column 'deleted' in 'where clause'"}
{"level":"ERROR","time":"2025-08-11T15:28:47.880+0800","caller":"project_service_v1/project_service.go:68","msg":"FindProjectByMemId db error","error":"Error 1054 (42S22): Unknown column 'archive' in 'where clause'"}
{"level":"ERROR","time":"2025-08-11T15:29:06.893+0800","caller":"project_service_v1/project_service.go:68","msg":"FindProjectByMemId db error","error":"Error 1054 (42S22): Unknown column 'archive' in 'where clause'"}
{"level":"ERROR","time":"2025-08-11T15:31:41.223+0800","caller":"project_service_v1/project_service.go:68","msg":"FindProjectByMemId db error","error":"Error 1054 (42S22): Unknown column 'archive' in 'where clause'"}
{"level":"ERROR","time":"2025-08-11T15:31:45.282+0800","caller":"project_service_v1/project_service.go:68","msg":"FindProjectByMemId db error","error":"Error 1054 (42S22): Unknown column 'deleted' in 'where clause'"}
{"level":"ERROR","time":"2025-08-11T15:37:01.768+0800","caller":"project_service_v1/project_service.go:68","msg":"FindProjectByMemId db error","error":"Error 1054 (42S22): Unknown column 'archive' in 'where clause'"}
{"level":"ERROR","time":"2025-08-11T15:37:02.689+0800","caller":"project_service_v1/project_service.go:68","msg":"FindProjectByMemId db error","error":"Error 1054 (42S22): Unknown column 'deleted' in 'where clause'"}
{"level":"ERROR","time":"2025-08-12T10:18:51.019+0800","caller":"project_service_v1/project_service.go:115","msg":"FindProjectTemplate error","error":"unsupported data type: 0xc000424418: Table not set, please set it like: db.Model(&user) or db.Table(\"users\")"}
{"level":"ERROR","time":"2025-08-12T10:19:11.106+0800","caller":"project_service_v1/project_service.go:115","msg":"FindProjectTemplate error","error":"unsupported data type: 0xc000680538: Table not set, please set it like: db.Model(&user) or db.Table(\"users\")"}
{"level":"ERROR","time":"2025-08-12T10:20:01.161+0800","caller":"project_service_v1/project_service.go:115","msg":"FindProjectTemplate error","error":"unsupported data type: 0xc0005aeea8: Table not set, please set it like: db.Model(&user) or db.Table(\"users\")"}
{"level":"ERROR","time":"2025-08-12T10:24:14.963+0800","caller":"project_service_v1/project_service.go:115","msg":"FindProjectTemplate error","error":"unsupported data type: 0xc00044ffe8: Table not set, please set it like: db.Model(&user) or db.Table(\"users\")"}
{"level":"ERROR","time":"2025-08-12T17:44:56.881+0800","caller":"project_service_v1/project_service.go:203","msg":"FindProjectDetail db FindProjectByPIdAndMemId error","error":"Error 1064 (42000): You have an error in your SQL syntax; check the manual that corresponds to your MySQL server version for the right syntax to use near '%!(EXTRA int64=1007, int64=37)' at line 1"}
{"level":"ERROR","time":"2025-08-12T17:47:09.815+0800","caller":"discovery/discovery.go:117","msg":"register failed","error":"context deadline exceeded"}
{"level":"ERROR","time":"2025-08-12T17:47:09.813+0800","caller":"project_service_v1/project_service.go:203","msg":"FindProjectDetail db FindProjectByPIdAndMemId error","error":"context canceled"}
{"level":"ERROR","time":"2025-08-12T17:56:25.186+0800","caller":"project_service_v1/project_service.go:203","msg":"FindProjectDetail db FindProjectByPIdAndMemId error","error":"context canceled"}
{"level":"ERROR","time":"2025-08-12T17:56:25.191+0800","caller":"discovery/discovery.go:117","msg":"register failed","error":"context deadline exceeded"}
{"level":"ERROR","time":"2025-08-12T17:59:56.342+0800","caller":"discovery/discovery.go:117","msg":"register failed","error":"context deadline exceeded"}
{"level":"ERROR","time":"2025-08-12T18:19:51.593+0800","caller":"project_service_v1/project_service.go:203","msg":"FindProjectDetail db FindProjectByPIdAndMemId error","error":"context canceled"}
{"level":"ERROR","time":"2025-08-12T18:24:26.480+0800","caller":"discovery/discovery.go:117","msg":"register failed","error":"context deadline exceeded"}
{"level":"ERROR","time":"2025-08-12T18:25:08.659+0800","caller":"project_service_v1/project_service.go:205","msg":"FindProjectDetail db FindProjectByPIdAndMemId error","error":"Error 1064 (42000): You have an error in your SQL syntax; check the manual that corresponds to your MySQL server version for the right syntax to use near '%!(EXTRA int64=1007, int64=113)' at line 1"}
{"level":"ERROR","time":"2025-08-12T18:25:15.890+0800","caller":"project_service_v1/project_service.go:205","msg":"FindProjectDetail db FindProjectByPIdAndMemId error","error":"Error 1064 (42000): You have an error in your SQL syntax; check the manual that corresponds to your MySQL server version for the right syntax to use near '%!(EXTRA int64=1007, int64=113)' at line 1"}
{"level":"ERROR","time":"2025-08-12T18:27:41.238+0800","caller":"discovery/discovery.go:117","msg":"register failed","error":"context deadline exceeded"}
{"level":"ERROR","time":"2025-08-12T18:34:23.944+0800","caller":"project_service_v1/project_service.go:205","msg":"FindProjectDetail db FindProjectByPIdAndMemId error","error":"context deadline exceeded"}
{"level":"ERROR","time":"2025-08-12T18:36:01.752+0800","caller":"discovery/discovery.go:117","msg":"register failed","error":"context deadline exceeded"}
{"level":"ERROR","time":"2025-08-12T18:36:01.757+0800","caller":"project_service_v1/project_service.go:159","msg":"SaveProject db SaveProject error","error":"context canceled"}
{"level":"ERROR","time":"2025-08-12T18:36:27.728+0800","caller":"project_service_v1/project_service.go:178","msg":"SaveProject transaction error","error":"rpc error: code = Code(998) desc = 数据库操作失败"}
{"level":"ERROR","time":"2025-08-12T18:37:42.879+0800","caller":"discovery/discovery.go:117","msg":"register failed","error":"context deadline exceeded"}
{"level":"ERROR","time":"2025-08-12T18:40:12.912+0800","caller":"discovery/discovery.go:117","msg":"register failed","error":"context deadline exceeded"}
{"level":"ERROR","time":"2025-08-12T18:40:17.225+0800","caller":"discovery/discovery.go:117","msg":"register failed","error":"context deadline exceeded"}
{"level":"ERROR","time":"2025-08-12T18:40:17.225+0800","caller":"project_service_v1/project_service.go:159","msg":"SaveProject db SaveProject error","error":"context canceled"}
{"level":"ERROR","time":"2025-08-12T18:40:30.805+0800","caller":"discovery/discovery.go:117","msg":"register failed","error":"context deadline exceeded"}
{"level":"ERROR","time":"2025-08-12T18:40:37.410+0800","caller":"discovery/discovery.go:117","msg":"register failed","error":"context deadline exceeded"}
{"level":"ERROR","time":"2025-08-12T18:40:37.409+0800","caller":"project_service_v1/project_service.go:178","msg":"SaveProject transaction error","error":"rpc error: code = Code(998) desc = 数据库操作失败"}
{"level":"ERROR","time":"2025-08-12T19:31:46.388+0800","caller":"discovery/discovery.go:117","msg":"register failed","error":"context deadline exceeded"}
{"level":"ERROR","time":"2025-08-12T19:31:46.395+0800","caller":"project_service_v1/project_service.go:207","msg":"FindProjectDetail db FindProjectByPIdAndMemId error","error":"Error 1064 (42000): You have an error in your SQL syntax; check the manual that corresponds to your MySQL server version for the right syntax to use near '%!(EXTRA int64=1007, int64=116)' at line 1"}
{"level":"ERROR","time":"2025-08-12T19:56:12.833+0800","caller":"project_service_v1/project_service.go:207","msg":"FindProjectDetail db FindProjectByPIdAndMemId error","error":"Error 1064 (42000): You have an error in your SQL syntax; check the manual that corresponds to your MySQL server version for the right syntax to use near '%!(EXTRA int64=1007, int64=37)' at line 1"}
{"level":"ERROR","time":"2025-08-12T19:56:12.839+0800","caller":"project_service_v1/project_service.go:207","msg":"FindProjectDetail db FindProjectByPIdAndMemId error","error":"Error 1064 (42000): You have an error in your SQL syntax; check the manual that corresponds to your MySQL server version for the right syntax to use near '%!(EXTRA int64=1007, int64=37)' at line 1"}
{"level":"ERROR","time":"2025-08-12T19:56:16.484+0800","caller":"project_service_v1/project_service.go:207","msg":"FindProjectDetail db FindProjectByPIdAndMemId error","error":"Error 1064 (42000): You have an error in your SQL syntax; check the manual that corresponds to your MySQL server version for the right syntax to use near '%!(EXTRA int64=1007, int64=37)' at line 1"}
{"level":"ERROR","time":"2025-08-12T19:56:25.018+0800","caller":"project_service_v1/project_service.go:207","msg":"FindProjectDetail db FindProjectByPIdAndMemId error","error":"Error 1064 (42000): You have an error in your SQL syntax; check the manual that corresponds to your MySQL server version for the right syntax to use near '%!(EXTRA int64=1007, int64=37)' at line 1"}
{"level":"ERROR","time":"2025-08-12T20:51:48.537+0800","caller":"project_service_v1/project_service.go:207","msg":"FindProjectDetail db FindProjectByPIdAndMemId error","error":"Error 1064 (42000): You have an error in your SQL syntax; check the manual that corresponds to your MySQL server version for the right syntax to use near '%!(EXTRA int64=1007, int64=37)' at line 1"}
{"level":"ERROR","time":"2025-08-12T21:14:13.927+0800","caller":"project_service_v1/project_service.go:208","msg":"FindProjectDetail db FindProjectByPIdAndMemId error","error":"Error 1064 (42000): You have an error in your SQL syntax; check the manual that corresponds to your MySQL server version for the right syntax to use near '%!(EXTRA int64=1007, int64=37)' at line 1"}
{"level":"ERROR","time":"2025-08-12T21:17:11.000+0800","caller":"project_service_v1/project_service.go:208","msg":"FindProjectDetail db FindProjectByPIdAndMemId error","error":"Error 1064 (42000): You have an error in your SQL syntax; check the manual that corresponds to your MySQL server version for the right syntax to use near '%!(EXTRA int64=1007, int64=37)' at line 1"}
{"level":"ERROR","time":"2025-08-12T21:50:14.071+0800","caller":"project_service_v1/project_service.go:213","msg":"FindProjectDetail db FindProjectByPIdAndMemId error","error":"Error 1064 (42000): You have an error in your SQL syntax; check the manual that corresponds to your MySQL server version for the right syntax to use near '%!(EXTRA int64=1007, int64=13043)' at line 1"}
{"level":"ERROR","time":"2025-08-12T21:59:44.463+0800","caller":"project_service_v1/project_service.go:213","msg":"FindProjectDetail db FindProjectByPIdAndMemId error","error":"context deadline exceeded"}
{"level":"ERROR","time":"2025-08-12T21:59:44.464+0800","caller":"discovery/discovery.go:117","msg":"register failed","error":"context deadline exceeded"}
{"level":"ERROR","time":"2025-08-12T22:00:49.144+0800","caller":"discovery/discovery.go:117","msg":"register failed","error":"context deadline exceeded"}
{"level":"ERROR","time":"2025-08-12T22:02:15.435+0800","caller":"project_service_v1/project_service.go:219","msg":"FindProjectDetail rpc FindMemInfoById error","error":"rpc error: code = DeadlineExceeded desc = context deadline exceeded"}
{"level":"ERROR","time":"2025-08-12T22:14:40.503+0800","caller":"project_service_v1/project_service.go:227","msg":"FindProjectDetail db FindCollectByPidAndMemId error","error":"context deadline exceeded"}
{"level":"ERROR","time":"2025-08-12T22:15:23.326+0800","caller":"project_service_v1/project_service.go:221","msg":"FindProjectDetail rpc FindMemInfoById error","error":"rpc error: code = DeadlineExceeded desc = context deadline exceeded"}
{"level":"ERROR","time":"2025-08-12T22:17:00.584+0800","caller":"project_service_v1/project_service.go:227","msg":"FindProjectDetail db FindCollectByPidAndMemId error","error":"context deadline exceeded"}
{"level":"ERROR","time":"2025-08-14T11:29:43.637+0800","caller":"login_service_v1/login_service.go:221","msg":"TokenVerify从缓存获取用户信息失败","error":"redis: nil"}
{"level":"ERROR","time":"2025-08-14T16:57:02.156+0800","caller":"project_service_v1/project_service.go:141","msg":"FindProjectTemplate error","error":"context deadline exceeded"}
{"level":"ERROR","time":"2025-08-14T17:10:34.772+0800","caller":"discovery/discovery.go:117","msg":"register failed","error":"context deadline exceeded"}
{"level":"ERROR","time":"2025-08-14T17:12:44.385+0800","caller":"discovery/discovery.go:117","msg":"register failed","error":"context deadline exceeded"}
{"level":"ERROR","time":"2025-08-15T15:38:12.975+0800","caller":"task_service.v1/task_service.go:80","msg":"MemberProjectList db error","error":"sql: expected 6 destination arguments in Scan, not 1"}
{"level":"ERROR","time":"2025-08-15T15:38:16.509+0800","caller":"task_service.v1/task_service.go:80","msg":"MemberProjectList db error","error":"sql: expected 6 destination arguments in Scan, not 1"}
{"level":"ERROR","time":"2025-08-15T15:38:25.534+0800","caller":"task_service.v1/task_service.go:80","msg":"MemberProjectList db error","error":"sql: expected 6 destination arguments in Scan, not 1"}
{"level":"ERROR","time":"2025-08-15T17:19:20.397+0800","caller":"task_service.v1/task_service.go:82","msg":"MemberProjectList db error","error":"context deadline exceeded"}
{"level":"ERROR","time":"2025-08-15T17:19:20.397+0800","caller":"project_service_v1/project_service.go:264","msg":"FindProjectDetail db FindProjectByPIdAndMemId error","error":"context deadline exceeded"}
{"level":"ERROR","time":"2025-08-15T17:20:05.879+0800","caller":"task_service.v1/task_service.go:53","msg":"TaskStages db error","error":"context deadline exceeded"}
{"level":"ERROR","time":"2025-08-15T17:20:05.879+0800","caller":"project_service_v1/project_service.go:264","msg":"FindProjectDetail db FindProjectByPIdAndMemId error","error":"context deadline exceeded"}
{"level":"ERROR","time":"2025-08-15T17:20:05.879+0800","caller":"discovery/discovery.go:117","msg":"register failed","error":"context deadline exceeded"}
{"level":"ERROR","time":"2025-08-15T17:21:34.231+0800","caller":"task_service.v1/task_service.go:53","msg":"TaskStages db error","error":"context deadline exceeded"}
{"level":"ERROR","time":"2025-08-15T17:21:34.232+0800","caller":"project_service_v1/project_service.go:264","msg":"FindProjectDetail db FindProjectByPIdAndMemId error","error":"context deadline exceeded"}
{"level":"ERROR","time":"2025-08-15T17:21:34.233+0800","caller":"project_service_v1/project_service.go:85","msg":"FindProjectByMemId db FindCollectProjectByMemId error","error":"context canceled"}
{"level":"ERROR","time":"2025-08-15T17:20:18.086+0800","caller":"task_service.v1/task_service.go:82","msg":"MemberProjectList db error","error":"context deadline exceeded"}
{"level":"ERROR","time":"2025-08-15T17:21:34.232+0800","caller":"discovery/discovery.go:117","msg":"register failed","error":"context deadline exceeded"}
{"level":"ERROR","time":"2025-08-15T17:20:18.085+0800","caller":"project_service_v1/project_service.go:264","msg":"FindProjectDetail db FindProjectByPIdAndMemId error","error":"context deadline exceeded"}
{"level":"ERROR","time":"2025-08-15T17:28:04.738+0800","caller":"task_service.v1/task_service.go:127","msg":"project task TaskList FindTaskByStageCode error","error":"context deadline exceeded"}
{"level":"ERROR","time":"2025-08-15T17:28:04.738+0800","caller":"task_service.v1/task_service.go:127","msg":"project task TaskList FindTaskByStageCode error","error":"context deadline exceeded"}
{"level":"ERROR","time":"2025-08-15T17:28:04.738+0800","caller":"discovery/discovery.go:117","msg":"register failed","error":"context deadline exceeded"}
{"level":"ERROR","time":"2025-08-15T17:33:55.854+0800","caller":"task_service.v1/task_service.go:127","msg":"project task TaskList FindTaskByStageCode error","error":"context deadline exceeded"}
{"level":"ERROR","time":"2025-08-15T17:33:55.860+0800","caller":"discovery/discovery.go:117","msg":"register failed","error":"context deadline exceeded"}
{"level":"ERROR","time":"2025-08-15T17:33:55.854+0800","caller":"task_service.v1/task_service.go:127","msg":"project task TaskList FindTaskByStageCode error","error":"context deadline exceeded"}
{"level":"ERROR","time":"2025-08-15T17:36:58.911+0800","caller":"discovery/discovery.go:117","msg":"register failed","error":"context deadline exceeded"}
{"level":"ERROR","time":"2025-08-15T17:39:01.690+0800","caller":"task_service.v1/task_service.go:127","msg":"project task TaskList FindTaskByStageCode error","error":"context deadline exceeded"}
{"level":"ERROR","time":"2025-08-15T17:39:01.690+0800","caller":"task_service.v1/task_service.go:127","msg":"project task TaskList FindTaskByStageCode error","error":"context deadline exceeded"}
{"level":"ERROR","time":"2025-08-15T17:39:01.692+0800","caller":"discovery/resolver.go:101","msg":"sync failed","error":"context deadline exceeded"}
{"level":"ERROR","time":"2025-08-15T17:39:01.692+0800","caller":"discovery/discovery.go:117","msg":"register failed","error":"context deadline exceeded"}
{"level":"ERROR","time":"2025-08-15T17:44:04.189+0800","caller":"discovery/discovery.go:117","msg":"register failed","error":"context deadline exceeded"}
{"level":"ERROR","time":"2025-08-15T17:44:04.189+0800","caller":"task_service.v1/task_service.go:127","msg":"project task TaskList FindTaskByStageCode error","error":"context deadline exceeded"}
{"level":"ERROR","time":"2025-08-15T17:45:59.713+0800","caller":"discovery/discovery.go:117","msg":"register failed","error":"context deadline exceeded"}
{"level":"ERROR","time":"2025-08-15T17:46:21.847+0800","caller":"task_service.v1/task_service.go:127","msg":"project task TaskList FindTaskByStageCode error","error":"context deadline exceeded"}
{"level":"ERROR","time":"2025-08-15T17:46:21.848+0800","caller":"discovery/discovery.go:117","msg":"register failed","error":"context deadline exceeded"}
{"level":"ERROR","time":"2025-08-15T17:53:31.725+0800","caller":"task_service.v1/task_service.go:100","msg":"MemberProjectList rpc error","error":"rpc error: code = DeadlineExceeded desc = context deadline exceeded"}
{"level":"ERROR","time":"2025-08-15T17:53:31.731+0800","caller":"project_service_v1/project_service.go:270","msg":"FindProjectDetail rpc FindMemInfoById error","error":"rpc error: code = DeadlineExceeded desc = context deadline exceeded"}
{"level":"ERROR","time":"2025-08-15T17:58:21.418+0800","caller":"task_service.v1/task_service.go:100","msg":"MemberProjectList rpc error","error":"rpc error: code = DeadlineExceeded desc = context deadline exceeded"}
{"level":"ERROR","time":"2025-08-15T17:58:21.419+0800","caller":"project_service_v1/project_service.go:270","msg":"FindProjectDetail rpc FindMemInfoById error","error":"rpc error: code = DeadlineExceeded desc = context deadline exceeded"}
{"level":"ERROR","time":"2025-08-15T18:05:00.650+0800","caller":"task_service.v1/task_service.go:139","msg":"TaskList FindTaskMemberByTaskId error","error":"Error 1054 (42S22): Unknown column 'member_id' in 'where clause'"}
{"level":"ERROR","time":"2025-08-15T18:08:47.297+0800","caller":"task_service.v1/task_service.go:139","msg":"TaskList FindTaskMemberByTaskId error","error":"context deadline exceeded"}
{"level":"ERROR","time":"2025-08-15T18:09:03.164+0800","caller":"task_service.v1/task_service.go:139","msg":"TaskList FindTaskMemberByTaskId error","error":"Error 1054 (42S22): Unknown column 'member_id' in 'where clause'"}
{"level":"ERROR","time":"2025-08-16T10:54:09.375+0800","caller":"task_service.v1/task_service.go:205","msg":"project task SaveTask taskRepo.FindTaskMaxIdNum error","error":"sql: Scan error on column index 0, name \"max(id_num)\": converting NULL to int is unsupported"}
{"level":"ERROR","time":"2025-08-16T17:23:21.362+0800","caller":"task_service.v1/task_service.go:237","msg":"project task SaveTask taskRepo.SaveTask error","error":"Error 1264 (22003): Out of range value for column 'sort' at row 1"}
{"level":"ERROR","time":"2025-08-16T17:23:23.100+0800","caller":"task_service.v1/task_service.go:237","msg":"project task SaveTask taskRepo.SaveTask error","error":"Error 1264 (22003): Out of range value for column 'sort' at row 1"}
{"level":"ERROR","time":"2025-08-17T09:56:08.119+0800","caller":"login_service_v1/login_service.go:222","msg":"TokenVerify从缓存获取用户信息失败","error":"dial tcp [::1]:6379: connectex: No connection could be made because the target machine actively refused it."}
{"level":"ERROR","time":"2025-08-17T09:56:08.135+0800","caller":"login_service_v1/login_service.go:222","msg":"TokenVerify从缓存获取用户信息失败","error":"dial tcp [::1]:6379: connectex: No connection could be made because the target machine actively refused it."}
{"level":"ERROR","time":"2025-08-17T09:56:32.525+0800","caller":"login_service_v1/login_service.go:222","msg":"TokenVerify从缓存获取用户信息失败","error":"dial tcp [::1]:6379: connectex: No connection could be made because the target machine actively refused it."}
{"level":"ERROR","time":"2025-08-17T09:56:32.529+0800","caller":"login_service_v1/login_service.go:222","msg":"TokenVerify从缓存获取用户信息失败","error":"dial tcp [::1]:6379: connectex: No connection could be made because the target machine actively refused it."}
{"level":"ERROR","time":"2025-08-17T09:56:37.860+0800","caller":"login_service_v1/login_service.go:222","msg":"TokenVerify从缓存获取用户信息失败","error":"dial tcp [::1]:6379: connectex: No connection could be made because the target machine actively refused it."}
{"level":"ERROR","time":"2025-08-17T09:56:37.956+0800","caller":"login_service_v1/login_service.go:222","msg":"TokenVerify从缓存获取用户信息失败","error":"dial tcp [::1]:6379: connectex: No connection could be made because the target machine actively refused it."}
{"level":"ERROR","time":"2025-08-17T09:56:37.994+0800","caller":"login_service_v1/login_service.go:222","msg":"TokenVerify从缓存获取用户信息失败","error":"dial tcp [::1]:6379: connectex: No connection could be made because the target machine actively refused it."}
{"level":"ERROR","time":"2025-08-17T16:08:10.012+0800","caller":"login_service_v1/login_service.go:218","msg":"TokenVerify解析token失败","error":"ip不合法"}
{"level":"ERROR","time":"2025-08-17T16:08:10.012+0800","caller":"login_service_v1/login_service.go:218","msg":"TokenVerify解析token失败","error":"ip不合法"}
{"level":"ERROR","time":"2025-08-17T16:08:10.012+0800","caller":"login_service_v1/login_service.go:218","msg":"TokenVerify解析token失败","error":"ip不合法"}
{"level":"ERROR","time":"2025-08-19T10:09:36.256+0800","caller":"task_service.v1/task_service.go:729","msg":"project task SaveTaskFile sourceLinkRepo.FindByTaskCode error","error":"Error 1054 (42S22): Unknown column 'task' in 'where clause'"}
{"level":"ERROR","time":"2025-08-19T10:56:44.326+0800","caller":"login_service_v1/login_service.go:218","msg":"TokenVerify解析token失败","error":"token contains an invalid number of segments"}
{"level":"ERROR","time":"2025-08-19T15:06:41.998+0800","caller":"discovery/discovery.go:117","msg":"register failed","error":"context deadline exceeded"}
{"level":"ERROR","time":"2025-08-19T15:06:42.192+0800","caller":"discovery/discovery.go:117","msg":"register failed","error":"context deadline exceeded"}
{"level":"ERROR","time":"2025-08-19T15:06:45.002+0800","caller":"discovery/discovery.go:117","msg":"register failed","error":"context deadline exceeded"}
{"level":"ERROR","time":"2025-08-19T15:06:45.194+0800","caller":"discovery/discovery.go:117","msg":"register failed","error":"context deadline exceeded"}
{"level":"ERROR","time":"2025-08-19T15:06:48.002+0800","caller":"discovery/discovery.go:117","msg":"register failed","error":"context deadline exceeded"}
{"level":"ERROR","time":"2025-08-19T15:06:48.195+0800","caller":"discovery/discovery.go:117","msg":"register failed","error":"context deadline exceeded"}
{"level":"ERROR","time":"2025-08-19T15:06:51.003+0800","caller":"discovery/discovery.go:117","msg":"register failed","error":"context deadline exceeded"}
{"level":"ERROR","time":"2025-08-19T15:06:51.196+0800","caller":"discovery/discovery.go:117","msg":"register failed","error":"context deadline exceeded"}
{"level":"ERROR","time":"2025-08-19T15:06:54.003+0800","caller":"discovery/discovery.go:117","msg":"register failed","error":"context deadline exceeded"}
{"level":"ERROR","time":"2025-08-19T15:06:54.197+0800","caller":"discovery/discovery.go:117","msg":"register failed","error":"context deadline exceeded"}
{"level":"ERROR","time":"2025-08-19T15:06:57.003+0800","caller":"discovery/discovery.go:117","msg":"register failed","error":"context deadline exceeded"}
{"level":"ERROR","time":"2025-08-19T15:06:57.197+0800","caller":"discovery/discovery.go:117","msg":"register failed","error":"context deadline exceeded"}
{"level":"ERROR","time":"2025-08-19T15:07:00.004+0800","caller":"discovery/discovery.go:117","msg":"register failed","error":"context deadline exceeded"}
{"level":"ERROR","time":"2025-08-19T15:07:00.198+0800","caller":"discovery/discovery.go:117","msg":"register failed","error":"context deadline exceeded"}
{"level":"ERROR","time":"2025-08-19T15:07:03.004+0800","caller":"discovery/discovery.go:117","msg":"register failed","error":"context deadline exceeded"}
{"level":"ERROR","time":"2025-08-19T15:07:03.199+0800","caller":"discovery/discovery.go:117","msg":"register failed","error":"context deadline exceeded"}
{"level":"ERROR","time":"2025-08-19T15:07:06.005+0800","caller":"discovery/discovery.go:117","msg":"register failed","error":"context deadline exceeded"}
{"level":"ERROR","time":"2025-08-19T15:07:06.199+0800","caller":"discovery/discovery.go:117","msg":"register failed","error":"context deadline exceeded"}
{"level":"ERROR","time":"2025-08-19T15:07:09.006+0800","caller":"discovery/discovery.go:117","msg":"register failed","error":"context deadline exceeded"}
{"level":"ERROR","time":"2025-08-19T15:07:09.200+0800","caller":"discovery/discovery.go:117","msg":"register failed","error":"context deadline exceeded"}
{"level":"ERROR","time":"2025-08-19T15:07:12.006+0800","caller":"discovery/discovery.go:117","msg":"register failed","error":"context deadline exceeded"}
{"level":"ERROR","time":"2025-08-19T15:07:12.201+0800","caller":"discovery/discovery.go:117","msg":"register failed","error":"context deadline exceeded"}
{"level":"ERROR","time":"2025-08-19T15:07:15.007+0800","caller":"discovery/discovery.go:117","msg":"register failed","error":"context deadline exceeded"}
{"level":"ERROR","time":"2025-08-19T15:07:15.202+0800","caller":"discovery/discovery.go:117","msg":"register failed","error":"context deadline exceeded"}
{"level":"ERROR","time":"2025-08-19T15:07:18.008+0800","caller":"discovery/discovery.go:117","msg":"register failed","error":"context deadline exceeded"}
{"level":"ERROR","time":"2025-08-19T15:07:18.202+0800","caller":"discovery/discovery.go:117","msg":"register failed","error":"context deadline exceeded"}
{"level":"ERROR","time":"2025-08-19T15:07:21.008+0800","caller":"discovery/discovery.go:117","msg":"register failed","error":"context deadline exceeded"}
{"level":"ERROR","time":"2025-08-19T15:07:21.203+0800","caller":"discovery/discovery.go:117","msg":"register failed","error":"context deadline exceeded"}
{"level":"ERROR","time":"2025-08-19T15:07:24.009+0800","caller":"discovery/discovery.go:117","msg":"register failed","error":"context deadline exceeded"}
{"level":"ERROR","time":"2025-08-19T15:07:24.204+0800","caller":"discovery/discovery.go:117","msg":"register failed","error":"context deadline exceeded"}
{"level":"ERROR","time":"2025-08-19T15:07:27.010+0800","caller":"discovery/discovery.go:117","msg":"register failed","error":"context deadline exceeded"}
{"level":"ERROR","time":"2025-08-19T15:07:27.204+0800","caller":"discovery/discovery.go:117","msg":"register failed","error":"context deadline exceeded"}
{"level":"ERROR","time":"2025-08-19T15:07:30.010+0800","caller":"discovery/discovery.go:117","msg":"register failed","error":"context deadline exceeded"}
{"level":"ERROR","time":"2025-08-19T15:07:30.204+0800","caller":"discovery/discovery.go:117","msg":"register failed","error":"context deadline exceeded"}
{"level":"ERROR","time":"2025-08-19T15:07:33.011+0800","caller":"discovery/discovery.go:117","msg":"register failed","error":"context deadline exceeded"}
{"level":"ERROR","time":"2025-08-19T15:07:33.205+0800","caller":"discovery/discovery.go:117","msg":"register failed","error":"context deadline exceeded"}
{"level":"ERROR","time":"2025-08-19T15:07:36.011+0800","caller":"discovery/discovery.go:117","msg":"register failed","error":"context deadline exceeded"}
{"level":"ERROR","time":"2025-08-19T15:07:36.206+0800","caller":"discovery/discovery.go:117","msg":"register failed","error":"context deadline exceeded"}
{"level":"ERROR","time":"2025-08-19T15:07:39.012+0800","caller":"discovery/discovery.go:117","msg":"register failed","error":"context deadline exceeded"}
{"level":"ERROR","time":"2025-08-19T15:07:39.206+0800","caller":"discovery/discovery.go:117","msg":"register failed","error":"context deadline exceeded"}
{"level":"ERROR","time":"2025-08-19T15:07:42.014+0800","caller":"discovery/discovery.go:117","msg":"register failed","error":"context deadline exceeded"}
{"level":"ERROR","time":"2025-08-19T15:07:42.207+0800","caller":"discovery/discovery.go:117","msg":"register failed","error":"context deadline exceeded"}
{"level":"ERROR","time":"2025-08-19T15:07:45.014+0800","caller":"discovery/discovery.go:117","msg":"register failed","error":"context deadline exceeded"}
{"level":"ERROR","time":"2025-08-19T15:07:45.223+0800","caller":"discovery/discovery.go:117","msg":"register failed","error":"context deadline exceeded"}
{"level":"ERROR","time":"2025-08-19T15:07:48.014+0800","caller":"discovery/discovery.go:117","msg":"register failed","error":"context deadline exceeded"}
{"level":"ERROR","time":"2025-08-19T15:07:48.224+0800","caller":"discovery/discovery.go:117","msg":"register failed","error":"context deadline exceeded"}
{"level":"ERROR","time":"2025-08-19T15:07:51.014+0800","caller":"discovery/discovery.go:117","msg":"register failed","error":"context deadline exceeded"}
{"level":"ERROR","time":"2025-08-19T15:07:51.224+0800","caller":"discovery/discovery.go:117","msg":"register failed","error":"context deadline exceeded"}
{"level":"ERROR","time":"2025-08-19T15:07:54.015+0800","caller":"discovery/discovery.go:117","msg":"register failed","error":"context deadline exceeded"}
{"level":"ERROR","time":"2025-08-19T15:07:54.225+0800","caller":"discovery/discovery.go:117","msg":"register failed","error":"context deadline exceeded"}
{"level":"ERROR","time":"2025-08-19T15:07:57.015+0800","caller":"discovery/discovery.go:117","msg":"register failed","error":"context deadline exceeded"}
{"level":"ERROR","time":"2025-08-19T15:07:57.225+0800","caller":"discovery/discovery.go:117","msg":"register failed","error":"context deadline exceeded"}
{"level":"ERROR","time":"2025-08-19T15:08:00.016+0800","caller":"discovery/discovery.go:117","msg":"register failed","error":"context deadline exceeded"}
{"level":"ERROR","time":"2025-08-19T15:08:00.226+0800","caller":"discovery/discovery.go:117","msg":"register failed","error":"context deadline exceeded"}
{"level":"ERROR","time":"2025-08-19T15:08:03.016+0800","caller":"discovery/discovery.go:117","msg":"register failed","error":"context deadline exceeded"}
{"level":"ERROR","time":"2025-08-19T15:08:03.226+0800","caller":"discovery/discovery.go:117","msg":"register failed","error":"context deadline exceeded"}
{"level":"ERROR","time":"2025-08-19T15:08:06.017+0800","caller":"discovery/discovery.go:117","msg":"register failed","error":"context deadline exceeded"}
{"level":"ERROR","time":"2025-08-19T15:08:06.227+0800","caller":"discovery/discovery.go:117","msg":"register failed","error":"context deadline exceeded"}
{"level":"ERROR","time":"2025-08-19T15:08:09.017+0800","caller":"discovery/discovery.go:117","msg":"register failed","error":"context deadline exceeded"}
{"level":"ERROR","time":"2025-08-19T15:08:09.227+0800","caller":"discovery/discovery.go:117","msg":"register failed","error":"context deadline exceeded"}
{"level":"ERROR","time":"2025-08-19T15:08:12.018+0800","caller":"discovery/discovery.go:117","msg":"register failed","error":"context deadline exceeded"}
{"level":"ERROR","time":"2025-08-19T15:08:12.227+0800","caller":"discovery/discovery.go:117","msg":"register failed","error":"context deadline exceeded"}
{"level":"ERROR","time":"2025-08-19T15:08:15.018+0800","caller":"discovery/discovery.go:117","msg":"register failed","error":"context deadline exceeded"}
{"level":"ERROR","time":"2025-08-19T15:08:15.228+0800","caller":"discovery/discovery.go:117","msg":"register failed","error":"context deadline exceeded"}
{"level":"ERROR","time":"2025-08-19T15:08:18.019+0800","caller":"discovery/discovery.go:117","msg":"register failed","error":"context deadline exceeded"}
{"level":"ERROR","time":"2025-08-19T15:08:18.228+0800","caller":"discovery/discovery.go:117","msg":"register failed","error":"context deadline exceeded"}
{"level":"ERROR","time":"2025-08-19T15:08:21.019+0800","caller":"discovery/discovery.go:117","msg":"register failed","error":"context deadline exceeded"}
{"level":"ERROR","time":"2025-08-19T15:08:21.229+0800","caller":"discovery/discovery.go:117","msg":"register failed","error":"context deadline exceeded"}
{"level":"ERROR","time":"2025-08-19T15:08:24.020+0800","caller":"discovery/discovery.go:117","msg":"register failed","error":"context deadline exceeded"}
{"level":"ERROR","time":"2025-08-19T15:08:24.230+0800","caller":"discovery/discovery.go:117","msg":"register failed","error":"context deadline exceeded"}
{"level":"ERROR","time":"2025-08-19T15:08:27.021+0800","caller":"discovery/discovery.go:117","msg":"register failed","error":"context deadline exceeded"}
{"level":"ERROR","time":"2025-08-19T15:08:27.231+0800","caller":"discovery/discovery.go:117","msg":"register failed","error":"context deadline exceeded"}
{"level":"ERROR","time":"2025-08-19T15:08:30.021+0800","caller":"discovery/discovery.go:117","msg":"register failed","error":"context deadline exceeded"}
{"level":"ERROR","time":"2025-08-19T15:08:30.231+0800","caller":"discovery/discovery.go:117","msg":"register failed","error":"context deadline exceeded"}
{"level":"ERROR","time":"2025-08-19T15:08:33.021+0800","caller":"discovery/discovery.go:117","msg":"register failed","error":"context deadline exceeded"}
{"level":"ERROR","time":"2025-08-19T15:08:33.232+0800","caller":"discovery/discovery.go:117","msg":"register failed","error":"context deadline exceeded"}
{"level":"ERROR","time":"2025-08-19T15:08:36.022+0800","caller":"discovery/discovery.go:117","msg":"register failed","error":"context deadline exceeded"}
{"level":"ERROR","time":"2025-08-19T15:08:36.232+0800","caller":"discovery/discovery.go:117","msg":"register failed","error":"context deadline exceeded"}
{"level":"ERROR","time":"2025-08-19T15:08:39.022+0800","caller":"discovery/discovery.go:117","msg":"register failed","error":"context deadline exceeded"}
{"level":"ERROR","time":"2025-08-19T15:08:39.232+0800","caller":"discovery/discovery.go:117","msg":"register failed","error":"context deadline exceeded"}
{"level":"ERROR","time":"2025-08-19T15:08:42.023+0800","caller":"discovery/discovery.go:117","msg":"register failed","error":"context deadline exceeded"}
{"level":"ERROR","time":"2025-08-19T15:08:42.233+0800","caller":"discovery/discovery.go:117","msg":"register failed","error":"context deadline exceeded"}
{"level":"ERROR","time":"2025-08-19T15:08:45.023+0800","caller":"discovery/discovery.go:117","msg":"register failed","error":"context deadline exceeded"}
{"level":"ERROR","time":"2025-08-19T15:08:45.234+0800","caller":"discovery/discovery.go:117","msg":"register failed","error":"context deadline exceeded"}
{"level":"ERROR","time":"2025-08-19T15:08:48.024+0800","caller":"discovery/discovery.go:117","msg":"register failed","error":"context deadline exceeded"}
{"level":"ERROR","time":"2025-08-19T15:08:48.236+0800","caller":"discovery/discovery.go:117","msg":"register failed","error":"context deadline exceeded"}
{"level":"ERROR","time":"2025-08-19T15:08:51.024+0800","caller":"discovery/discovery.go:117","msg":"register failed","error":"context deadline exceeded"}
{"level":"ERROR","time":"2025-08-19T15:08:51.236+0800","caller":"discovery/discovery.go:117","msg":"register failed","error":"context deadline exceeded"}
{"level":"ERROR","time":"2025-08-19T15:08:54.025+0800","caller":"discovery/discovery.go:117","msg":"register failed","error":"context deadline exceeded"}
{"level":"ERROR","time":"2025-08-19T15:08:54.236+0800","caller":"discovery/discovery.go:117","msg":"register failed","error":"context deadline exceeded"}
{"level":"ERROR","time":"2025-08-19T15:08:57.025+0800","caller":"discovery/discovery.go:117","msg":"register failed","error":"context deadline exceeded"}
{"level":"ERROR","time":"2025-08-19T15:08:57.236+0800","caller":"discovery/discovery.go:117","msg":"register failed","error":"context deadline exceeded"}
{"level":"ERROR","time":"2025-08-19T15:09:00.026+0800","caller":"discovery/discovery.go:117","msg":"register failed","error":"context deadline exceeded"}
{"level":"ERROR","time":"2025-08-19T15:09:00.237+0800","caller":"discovery/discovery.go:117","msg":"register failed","error":"context deadline exceeded"}
{"level":"ERROR","time":"2025-08-19T15:09:03.026+0800","caller":"discovery/discovery.go:117","msg":"register failed","error":"context deadline exceeded"}
{"level":"ERROR","time":"2025-08-19T15:09:03.238+0800","caller":"discovery/discovery.go:117","msg":"register failed","error":"context deadline exceeded"}
{"level":"ERROR","time":"2025-08-19T15:09:06.027+0800","caller":"discovery/discovery.go:117","msg":"register failed","error":"context deadline exceeded"}
{"level":"ERROR","time":"2025-08-19T15:09:06.238+0800","caller":"discovery/discovery.go:117","msg":"register failed","error":"context deadline exceeded"}
{"level":"ERROR","time":"2025-08-19T15:09:09.028+0800","caller":"discovery/discovery.go:117","msg":"register failed","error":"context deadline exceeded"}
{"level":"ERROR","time":"2025-08-19T15:09:09.239+0800","caller":"discovery/discovery.go:117","msg":"register failed","error":"context deadline exceeded"}
{"level":"ERROR","time":"2025-08-19T15:09:12.028+0800","caller":"discovery/discovery.go:117","msg":"register failed","error":"context deadline exceeded"}
{"level":"ERROR","time":"2025-08-19T15:09:12.239+0800","caller":"discovery/discovery.go:117","msg":"register failed","error":"context deadline exceeded"}
{"level":"ERROR","time":"2025-08-19T15:09:15.029+0800","caller":"discovery/discovery.go:117","msg":"register failed","error":"context deadline exceeded"}
{"level":"ERROR","time":"2025-08-19T15:09:15.240+0800","caller":"discovery/discovery.go:117","msg":"register failed","error":"context deadline exceeded"}
{"level":"ERROR","time":"2025-08-19T15:09:18.029+0800","caller":"discovery/discovery.go:117","msg":"register failed","error":"context deadline exceeded"}
{"level":"ERROR","time":"2025-08-19T15:09:18.240+0800","caller":"discovery/discovery.go:117","msg":"register failed","error":"context deadline exceeded"}
{"level":"ERROR","time":"2025-08-19T15:09:21.030+0800","caller":"discovery/discovery.go:117","msg":"register failed","error":"context deadline exceeded"}
{"level":"ERROR","time":"2025-08-19T15:09:21.241+0800","caller":"discovery/discovery.go:117","msg":"register failed","error":"context deadline exceeded"}
{"level":"ERROR","time":"2025-08-19T15:09:24.030+0800","caller":"discovery/discovery.go:117","msg":"register failed","error":"context deadline exceeded"}
{"level":"ERROR","time":"2025-08-19T15:09:24.242+0800","caller":"discovery/discovery.go:117","msg":"register failed","error":"context deadline exceeded"}
{"level":"ERROR","time":"2025-08-19T15:09:27.031+0800","caller":"discovery/discovery.go:117","msg":"register failed","error":"context deadline exceeded"}
{"level":"ERROR","time":"2025-08-19T15:09:27.242+0800","caller":"discovery/discovery.go:117","msg":"register failed","error":"context deadline exceeded"}
{"level":"ERROR","time":"2025-08-19T15:09:30.032+0800","caller":"discovery/discovery.go:117","msg":"register failed","error":"context deadline exceeded"}
{"level":"ERROR","time":"2025-08-19T15:09:30.243+0800","caller":"discovery/discovery.go:117","msg":"register failed","error":"context deadline exceeded"}
{"level":"ERROR","time":"2025-08-19T15:09:33.032+0800","caller":"discovery/discovery.go:117","msg":"register failed","error":"context deadline exceeded"}
{"level":"ERROR","time":"2025-08-19T15:09:33.244+0800","caller":"discovery/discovery.go:117","msg":"register failed","error":"context deadline exceeded"}
{"level":"ERROR","time":"2025-08-19T15:09:36.033+0800","caller":"discovery/discovery.go:117","msg":"register failed","error":"context deadline exceeded"}
{"level":"ERROR","time":"2025-08-19T15:09:36.244+0800","caller":"discovery/discovery.go:117","msg":"register failed","error":"context deadline exceeded"}
{"level":"ERROR","time":"2025-08-19T15:09:39.034+0800","caller":"discovery/discovery.go:117","msg":"register failed","error":"context deadline exceeded"}
{"level":"ERROR","time":"2025-08-19T15:09:39.245+0800","caller":"discovery/discovery.go:117","msg":"register failed","error":"context deadline exceeded"}
{"level":"ERROR","time":"2025-08-19T15:09:42.034+0800","caller":"discovery/discovery.go:117","msg":"register failed","error":"context deadline exceeded"}
{"level":"ERROR","time":"2025-08-19T15:09:42.245+0800","caller":"discovery/discovery.go:117","msg":"register failed","error":"context deadline exceeded"}
{"level":"ERROR","time":"2025-08-19T15:09:45.035+0800","caller":"discovery/discovery.go:117","msg":"register failed","error":"context deadline exceeded"}
{"level":"ERROR","time":"2025-08-19T15:09:45.245+0800","caller":"discovery/discovery.go:117","msg":"register failed","error":"context deadline exceeded"}
{"level":"ERROR","time":"2025-08-19T15:09:48.036+0800","caller":"discovery/discovery.go:117","msg":"register failed","error":"context deadline exceeded"}
{"level":"ERROR","time":"2025-08-19T15:09:48.246+0800","caller":"discovery/discovery.go:117","msg":"register failed","error":"context deadline exceeded"}
{"level":"ERROR","time":"2025-08-19T15:09:51.036+0800","caller":"discovery/discovery.go:117","msg":"register failed","error":"context deadline exceeded"}
{"level":"ERROR","time":"2025-08-19T15:09:51.246+0800","caller":"discovery/discovery.go:117","msg":"register failed","error":"context deadline exceeded"}
{"level":"ERROR","time":"2025-08-19T15:09:54.037+0800","caller":"discovery/discovery.go:117","msg":"register failed","error":"context deadline exceeded"}
{"level":"ERROR","time":"2025-08-19T15:09:54.247+0800","caller":"discovery/discovery.go:117","msg":"register failed","error":"context deadline exceeded"}
{"level":"ERROR","time":"2025-08-19T15:09:57.037+0800","caller":"discovery/discovery.go:117","msg":"register failed","error":"context deadline exceeded"}
{"level":"ERROR","time":"2025-08-19T15:09:57.248+0800","caller":"discovery/discovery.go:117","msg":"register failed","error":"context deadline exceeded"}
{"level":"ERROR","time":"2025-08-19T15:10:00.038+0800","caller":"discovery/discovery.go:117","msg":"register failed","error":"context deadline exceeded"}
{"level":"ERROR","time":"2025-08-19T15:10:00.249+0800","caller":"discovery/discovery.go:117","msg":"register failed","error":"context deadline exceeded"}
{"level":"ERROR","time":"2025-08-19T15:10:03.038+0800","caller":"discovery/discovery.go:117","msg":"register failed","error":"context deadline exceeded"}
{"level":"ERROR","time":"2025-08-19T15:10:03.249+0800","caller":"discovery/discovery.go:117","msg":"register failed","error":"context deadline exceeded"}
{"level":"ERROR","time":"2025-08-19T15:10:06.039+0800","caller":"discovery/discovery.go:117","msg":"register failed","error":"context deadline exceeded"}
{"level":"ERROR","time":"2025-08-19T15:10:06.250+0800","caller":"discovery/discovery.go:117","msg":"register failed","error":"context deadline exceeded"}
{"level":"ERROR","time":"2025-08-19T15:10:09.039+0800","caller":"discovery/discovery.go:117","msg":"register failed","error":"context deadline exceeded"}
{"level":"ERROR","time":"2025-08-19T15:10:09.251+0800","caller":"discovery/discovery.go:117","msg":"register failed","error":"context deadline exceeded"}
{"level":"ERROR","time":"2025-08-19T15:10:12.040+0800","caller":"discovery/discovery.go:117","msg":"register failed","error":"context deadline exceeded"}
{"level":"ERROR","time":"2025-08-19T15:10:12.251+0800","caller":"discovery/discovery.go:117","msg":"register failed","error":"context deadline exceeded"}
{"level":"ERROR","time":"2025-08-19T15:10:15.040+0800","caller":"discovery/discovery.go:117","msg":"register failed","error":"context deadline exceeded"}
{"level":"ERROR","time":"2025-08-19T15:10:15.252+0800","caller":"discovery/discovery.go:117","msg":"register failed","error":"context deadline exceeded"}
{"level":"ERROR","time":"2025-08-19T15:10:18.041+0800","caller":"discovery/discovery.go:117","msg":"register failed","error":"context deadline exceeded"}
{"level":"ERROR","time":"2025-08-19T15:10:18.252+0800","caller":"discovery/discovery.go:117","msg":"register failed","error":"context deadline exceeded"}
{"level":"ERROR","time":"2025-08-19T15:10:21.042+0800","caller":"discovery/discovery.go:117","msg":"register failed","error":"context deadline exceeded"}
{"level":"ERROR","time":"2025-08-19T15:10:21.252+0800","caller":"discovery/discovery.go:117","msg":"register failed","error":"context deadline exceeded"}
{"level":"ERROR","time":"2025-08-19T15:10:24.043+0800","caller":"discovery/discovery.go:117","msg":"register failed","error":"context deadline exceeded"}
{"level":"ERROR","time":"2025-08-19T15:10:24.253+0800","caller":"discovery/discovery.go:117","msg":"register failed","error":"context deadline exceeded"}
{"level":"ERROR","time":"2025-08-19T15:10:27.043+0800","caller":"discovery/discovery.go:117","msg":"register failed","error":"context deadline exceeded"}
{"level":"ERROR","time":"2025-08-19T15:10:27.253+0800","caller":"discovery/discovery.go:117","msg":"register failed","error":"context deadline exceeded"}
{"level":"ERROR","time":"2025-08-19T15:10:30.044+0800","caller":"discovery/discovery.go:117","msg":"register failed","error":"context deadline exceeded"}
{"level":"ERROR","time":"2025-08-19T15:10:30.253+0800","caller":"discovery/discovery.go:117","msg":"register failed","error":"context deadline exceeded"}
{"level":"ERROR","time":"2025-08-19T15:10:33.044+0800","caller":"discovery/discovery.go:117","msg":"register failed","error":"context deadline exceeded"}
{"level":"ERROR","time":"2025-08-19T15:10:33.254+0800","caller":"discovery/discovery.go:117","msg":"register failed","error":"context deadline exceeded"}
{"level":"ERROR","time":"2025-08-19T15:10:36.045+0800","caller":"discovery/discovery.go:117","msg":"register failed","error":"context deadline exceeded"}
{"level":"ERROR","time":"2025-08-19T15:10:36.254+0800","caller":"discovery/discovery.go:117","msg":"register failed","error":"context deadline exceeded"}
{"level":"ERROR","time":"2025-08-19T15:10:39.045+0800","caller":"discovery/discovery.go:117","msg":"register failed","error":"context deadline exceeded"}
{"level":"ERROR","time":"2025-08-19T15:10:39.255+0800","caller":"discovery/discovery.go:117","msg":"register failed","error":"context deadline exceeded"}
{"level":"ERROR","time":"2025-08-19T15:10:42.046+0800","caller":"discovery/discovery.go:117","msg":"register failed","error":"context deadline exceeded"}
{"level":"ERROR","time":"2025-08-19T15:10:42.255+0800","caller":"discovery/discovery.go:117","msg":"register failed","error":"context deadline exceeded"}
{"level":"ERROR","time":"2025-08-19T15:10:45.046+0800","caller":"discovery/discovery.go:117","msg":"register failed","error":"context deadline exceeded"}
{"level":"ERROR","time":"2025-08-19T15:10:45.255+0800","caller":"discovery/discovery.go:117","msg":"register failed","error":"context deadline exceeded"}
{"level":"ERROR","time":"2025-08-19T15:10:48.047+0800","caller":"discovery/discovery.go:117","msg":"register failed","error":"context deadline exceeded"}
{"level":"ERROR","time":"2025-08-19T15:10:48.256+0800","caller":"discovery/discovery.go:117","msg":"register failed","error":"context deadline exceeded"}
{"level":"ERROR","time":"2025-08-19T15:10:51.047+0800","caller":"discovery/discovery.go:117","msg":"register failed","error":"context deadline exceeded"}
{"level":"ERROR","time":"2025-08-19T15:10:51.257+0800","caller":"discovery/discovery.go:117","msg":"register failed","error":"context deadline exceeded"}
{"level":"ERROR","time":"2025-08-19T15:10:54.047+0800","caller":"discovery/discovery.go:117","msg":"register failed","error":"context deadline exceeded"}
{"level":"ERROR","time":"2025-08-19T15:10:54.258+0800","caller":"discovery/discovery.go:117","msg":"register failed","error":"context deadline exceeded"}
{"level":"ERROR","time":"2025-08-19T15:10:57.048+0800","caller":"discovery/discovery.go:117","msg":"register failed","error":"context deadline exceeded"}
{"level":"ERROR","time":"2025-08-19T15:10:57.258+0800","caller":"discovery/discovery.go:117","msg":"register failed","error":"context deadline exceeded"}
{"level":"ERROR","time":"2025-08-19T15:11:00.048+0800","caller":"discovery/discovery.go:117","msg":"register failed","error":"context deadline exceeded"}
{"level":"ERROR","time":"2025-08-19T15:11:00.259+0800","caller":"discovery/discovery.go:117","msg":"register failed","error":"context deadline exceeded"}
{"level":"ERROR","time":"2025-08-19T15:11:03.049+0800","caller":"discovery/discovery.go:117","msg":"register failed","error":"context deadline exceeded"}
{"level":"ERROR","time":"2025-08-19T15:11:03.259+0800","caller":"discovery/discovery.go:117","msg":"register failed","error":"context deadline exceeded"}
{"level":"ERROR","time":"2025-08-19T15:11:06.049+0800","caller":"discovery/discovery.go:117","msg":"register failed","error":"context deadline exceeded"}
{"level":"ERROR","time":"2025-08-19T15:11:06.260+0800","caller":"discovery/discovery.go:117","msg":"register failed","error":"context deadline exceeded"}
{"level":"ERROR","time":"2025-08-19T15:11:09.050+0800","caller":"discovery/discovery.go:117","msg":"register failed","error":"context deadline exceeded"}
{"level":"ERROR","time":"2025-08-19T15:11:09.261+0800","caller":"discovery/discovery.go:117","msg":"register failed","error":"context deadline exceeded"}
{"level":"ERROR","time":"2025-08-19T15:11:12.050+0800","caller":"discovery/discovery.go:117","msg":"register failed","error":"context deadline exceeded"}
{"level":"ERROR","time":"2025-08-19T15:11:12.261+0800","caller":"discovery/discovery.go:117","msg":"register failed","error":"context deadline exceeded"}
{"level":"ERROR","time":"2025-08-19T15:11:15.051+0800","caller":"discovery/discovery.go:117","msg":"register failed","error":"context deadline exceeded"}
{"level":"ERROR","time":"2025-08-19T15:11:15.261+0800","caller":"discovery/discovery.go:117","msg":"register failed","error":"context deadline exceeded"}
{"level":"ERROR","time":"2025-08-19T15:11:18.051+0800","caller":"discovery/discovery.go:117","msg":"register failed","error":"context deadline exceeded"}
{"level":"ERROR","time":"2025-08-19T15:11:18.262+0800","caller":"discovery/discovery.go:117","msg":"register failed","error":"context deadline exceeded"}
{"level":"ERROR","time":"2025-08-19T15:11:21.052+0800","caller":"discovery/discovery.go:117","msg":"register failed","error":"context deadline exceeded"}
{"level":"ERROR","time":"2025-08-19T15:11:21.262+0800","caller":"discovery/discovery.go:117","msg":"register failed","error":"context deadline exceeded"}
{"level":"ERROR","time":"2025-08-19T15:11:24.052+0800","caller":"discovery/discovery.go:117","msg":"register failed","error":"context deadline exceeded"}
{"level":"ERROR","time":"2025-08-19T15:11:24.263+0800","caller":"discovery/discovery.go:117","msg":"register failed","error":"context deadline exceeded"}
{"level":"ERROR","time":"2025-08-19T15:11:27.053+0800","caller":"discovery/discovery.go:117","msg":"register failed","error":"context deadline exceeded"}
{"level":"ERROR","time":"2025-08-19T15:11:27.263+0800","caller":"discovery/discovery.go:117","msg":"register failed","error":"context deadline exceeded"}
{"level":"ERROR","time":"2025-08-19T15:11:30.053+0800","caller":"discovery/discovery.go:117","msg":"register failed","error":"context deadline exceeded"}
{"level":"ERROR","time":"2025-08-19T15:11:30.264+0800","caller":"discovery/discovery.go:117","msg":"register failed","error":"context deadline exceeded"}
{"level":"ERROR","time":"2025-08-19T15:11:33.054+0800","caller":"discovery/discovery.go:117","msg":"register failed","error":"context deadline exceeded"}
{"level":"ERROR","time":"2025-08-19T15:11:33.265+0800","caller":"discovery/discovery.go:117","msg":"register failed","error":"context deadline exceeded"}
{"level":"ERROR","time":"2025-08-19T15:11:36.054+0800","caller":"discovery/discovery.go:117","msg":"register failed","error":"context deadline exceeded"}
{"level":"ERROR","time":"2025-08-19T15:11:36.265+0800","caller":"discovery/discovery.go:117","msg":"register failed","error":"context deadline exceeded"}
{"level":"ERROR","time":"2025-08-19T15:11:39.055+0800","caller":"discovery/discovery.go:117","msg":"register failed","error":"context deadline exceeded"}
{"level":"ERROR","time":"2025-08-19T15:11:39.266+0800","caller":"discovery/discovery.go:117","msg":"register failed","error":"context deadline exceeded"}
{"level":"ERROR","time":"2025-08-19T15:11:42.055+0800","caller":"discovery/discovery.go:117","msg":"register failed","error":"context deadline exceeded"}
{"level":"ERROR","time":"2025-08-19T15:11:42.266+0800","caller":"discovery/discovery.go:117","msg":"register failed","error":"context deadline exceeded"}
{"level":"ERROR","time":"2025-08-19T15:11:45.056+0800","caller":"discovery/discovery.go:117","msg":"register failed","error":"context deadline exceeded"}
{"level":"ERROR","time":"2025-08-19T15:11:45.267+0800","caller":"discovery/discovery.go:117","msg":"register failed","error":"context deadline exceeded"}
{"level":"ERROR","time":"2025-08-19T15:11:48.056+0800","caller":"discovery/discovery.go:117","msg":"register failed","error":"context deadline exceeded"}
{"level":"ERROR","time":"2025-08-19T15:11:48.267+0800","caller":"discovery/discovery.go:117","msg":"register failed","error":"context deadline exceeded"}
{"level":"ERROR","time":"2025-08-19T15:11:51.057+0800","caller":"discovery/discovery.go:117","msg":"register failed","error":"context deadline exceeded"}
{"level":"ERROR","time":"2025-08-19T15:11:51.268+0800","caller":"discovery/discovery.go:117","msg":"register failed","error":"context deadline exceeded"}
{"level":"ERROR","time":"2025-08-19T15:11:54.057+0800","caller":"discovery/discovery.go:117","msg":"register failed","error":"context deadline exceeded"}
{"level":"ERROR","time":"2025-08-19T15:11:54.268+0800","caller":"discovery/discovery.go:117","msg":"register failed","error":"context deadline exceeded"}
{"level":"ERROR","time":"2025-08-19T15:11:57.057+0800","caller":"discovery/discovery.go:117","msg":"register failed","error":"context deadline exceeded"}
{"level":"ERROR","time":"2025-08-19T15:11:57.269+0800","caller":"discovery/discovery.go:117","msg":"register failed","error":"context deadline exceeded"}
{"level":"ERROR","time":"2025-08-19T15:12:00.058+0800","caller":"discovery/discovery.go:117","msg":"register failed","error":"context deadline exceeded"}
{"level":"ERROR","time":"2025-08-19T15:12:00.270+0800","caller":"discovery/discovery.go:117","msg":"register failed","error":"context deadline exceeded"}
{"level":"ERROR","time":"2025-08-19T15:12:03.058+0800","caller":"discovery/discovery.go:117","msg":"register failed","error":"context deadline exceeded"}
{"level":"ERROR","time":"2025-08-19T15:12:03.270+0800","caller":"discovery/discovery.go:117","msg":"register failed","error":"context deadline exceeded"}
{"level":"ERROR","time":"2025-08-19T15:12:06.059+0800","caller":"discovery/discovery.go:117","msg":"register failed","error":"context deadline exceeded"}
{"level":"ERROR","time":"2025-08-19T15:12:06.271+0800","caller":"discovery/discovery.go:117","msg":"register failed","error":"context deadline exceeded"}
{"level":"ERROR","time":"2025-08-19T15:12:09.060+0800","caller":"discovery/discovery.go:117","msg":"register failed","error":"context deadline exceeded"}
{"level":"ERROR","time":"2025-08-19T15:12:09.271+0800","caller":"discovery/discovery.go:117","msg":"register failed","error":"context deadline exceeded"}
{"level":"ERROR","time":"2025-08-19T15:12:12.060+0800","caller":"discovery/discovery.go:117","msg":"register failed","error":"context deadline exceeded"}
{"level":"ERROR","time":"2025-08-19T15:12:12.272+0800","caller":"discovery/discovery.go:117","msg":"register failed","error":"context deadline exceeded"}
{"level":"ERROR","time":"2025-08-19T15:12:15.060+0800","caller":"discovery/discovery.go:117","msg":"register failed","error":"context deadline exceeded"}
{"level":"ERROR","time":"2025-08-19T15:12:15.272+0800","caller":"discovery/discovery.go:117","msg":"register failed","error":"context deadline exceeded"}
{"level":"ERROR","time":"2025-08-19T15:12:18.061+0800","caller":"discovery/discovery.go:117","msg":"register failed","error":"context deadline exceeded"}
{"level":"ERROR","time":"2025-08-19T15:12:18.273+0800","caller":"discovery/discovery.go:117","msg":"register failed","error":"context deadline exceeded"}
{"level":"ERROR","time":"2025-08-19T15:12:21.062+0800","caller":"discovery/discovery.go:117","msg":"register failed","error":"context deadline exceeded"}
{"level":"ERROR","time":"2025-08-19T15:12:21.274+0800","caller":"discovery/discovery.go:117","msg":"register failed","error":"context deadline exceeded"}
{"level":"ERROR","time":"2025-08-19T15:12:24.062+0800","caller":"discovery/discovery.go:117","msg":"register failed","error":"context deadline exceeded"}
{"level":"ERROR","time":"2025-08-19T15:12:24.274+0800","caller":"discovery/discovery.go:117","msg":"register failed","error":"context deadline exceeded"}
{"level":"ERROR","time":"2025-08-19T15:12:27.062+0800","caller":"discovery/discovery.go:117","msg":"register failed","error":"context deadline exceeded"}
{"level":"ERROR","time":"2025-08-19T15:12:27.275+0800","caller":"discovery/discovery.go:117","msg":"register failed","error":"context deadline exceeded"}
{"level":"ERROR","time":"2025-08-19T15:12:30.063+0800","caller":"discovery/discovery.go:117","msg":"register failed","error":"context deadline exceeded"}
{"level":"ERROR","time":"2025-08-19T15:12:30.276+0800","caller":"discovery/discovery.go:117","msg":"register failed","error":"context deadline exceeded"}
{"level":"ERROR","time":"2025-08-19T15:12:33.064+0800","caller":"discovery/discovery.go:117","msg":"register failed","error":"context deadline exceeded"}
{"level":"ERROR","time":"2025-08-19T15:12:33.276+0800","caller":"discovery/discovery.go:117","msg":"register failed","error":"context deadline exceeded"}
{"level":"ERROR","time":"2025-08-19T15:12:36.065+0800","caller":"discovery/discovery.go:117","msg":"register failed","error":"context deadline exceeded"}
{"level":"ERROR","time":"2025-08-19T15:12:36.277+0800","caller":"discovery/discovery.go:117","msg":"register failed","error":"context deadline exceeded"}
{"level":"ERROR","time":"2025-08-19T15:12:39.066+0800","caller":"discovery/discovery.go:117","msg":"register failed","error":"context deadline exceeded"}
{"level":"ERROR","time":"2025-08-19T15:12:39.278+0800","caller":"discovery/discovery.go:117","msg":"register failed","error":"context deadline exceeded"}
{"level":"ERROR","time":"2025-08-19T15:12:42.066+0800","caller":"discovery/discovery.go:117","msg":"register failed","error":"context deadline exceeded"}
{"level":"ERROR","time":"2025-08-19T15:12:42.279+0800","caller":"discovery/discovery.go:117","msg":"register failed","error":"context deadline exceeded"}
{"level":"ERROR","time":"2025-08-19T15:12:45.067+0800","caller":"discovery/discovery.go:117","msg":"register failed","error":"context deadline exceeded"}
{"level":"ERROR","time":"2025-08-19T15:12:45.279+0800","caller":"discovery/discovery.go:117","msg":"register failed","error":"context deadline exceeded"}
{"level":"ERROR","time":"2025-08-19T15:12:48.068+0800","caller":"discovery/discovery.go:117","msg":"register failed","error":"context deadline exceeded"}
{"level":"ERROR","time":"2025-08-19T15:12:48.280+0800","caller":"discovery/discovery.go:117","msg":"register failed","error":"context deadline exceeded"}
{"level":"ERROR","time":"2025-08-19T15:12:51.068+0800","caller":"discovery/discovery.go:117","msg":"register failed","error":"context deadline exceeded"}
{"level":"ERROR","time":"2025-08-19T15:12:51.280+0800","caller":"discovery/discovery.go:117","msg":"register failed","error":"context deadline exceeded"}
{"level":"ERROR","time":"2025-08-19T15:12:54.069+0800","caller":"discovery/discovery.go:117","msg":"register failed","error":"context deadline exceeded"}
{"level":"ERROR","time":"2025-08-19T15:12:54.281+0800","caller":"discovery/discovery.go:117","msg":"register failed","error":"context deadline exceeded"}
{"level":"ERROR","time":"2025-08-19T15:12:57.069+0800","caller":"discovery/discovery.go:117","msg":"register failed","error":"context deadline exceeded"}
{"level":"ERROR","time":"2025-08-19T15:12:57.281+0800","caller":"discovery/discovery.go:117","msg":"register failed","error":"context deadline exceeded"}
{"level":"ERROR","time":"2025-08-19T15:13:00.069+0800","caller":"discovery/discovery.go:117","msg":"register failed","error":"context deadline exceeded"}
{"level":"ERROR","time":"2025-08-19T15:13:00.282+0800","caller":"discovery/discovery.go:117","msg":"register failed","error":"context deadline exceeded"}
{"level":"ERROR","time":"2025-08-19T15:13:03.070+0800","caller":"discovery/discovery.go:117","msg":"register failed","error":"context deadline exceeded"}
{"level":"ERROR","time":"2025-08-19T15:13:03.282+0800","caller":"discovery/discovery.go:117","msg":"register failed","error":"context deadline exceeded"}
{"level":"ERROR","time":"2025-08-19T15:13:06.071+0800","caller":"discovery/discovery.go:117","msg":"register failed","error":"context deadline exceeded"}
{"level":"ERROR","time":"2025-08-19T15:13:06.283+0800","caller":"discovery/discovery.go:117","msg":"register failed","error":"context deadline exceeded"}
{"level":"ERROR","time":"2025-08-19T15:13:09.072+0800","caller":"discovery/discovery.go:117","msg":"register failed","error":"context deadline exceeded"}
{"level":"ERROR","time":"2025-08-19T15:13:09.283+0800","caller":"discovery/discovery.go:117","msg":"register failed","error":"context deadline exceeded"}
{"level":"ERROR","time":"2025-08-19T15:13:12.073+0800","caller":"discovery/discovery.go:117","msg":"register failed","error":"context deadline exceeded"}
{"level":"ERROR","time":"2025-08-19T15:13:12.284+0800","caller":"discovery/discovery.go:117","msg":"register failed","error":"context deadline exceeded"}
{"level":"ERROR","time":"2025-08-19T15:13:15.073+0800","caller":"discovery/discovery.go:117","msg":"register failed","error":"context deadline exceeded"}
{"level":"ERROR","time":"2025-08-19T15:13:15.284+0800","caller":"discovery/discovery.go:117","msg":"register failed","error":"context deadline exceeded"}
{"level":"ERROR","time":"2025-08-19T15:13:18.074+0800","caller":"discovery/discovery.go:117","msg":"register failed","error":"context deadline exceeded"}
{"level":"ERROR","time":"2025-08-19T15:13:18.285+0800","caller":"discovery/discovery.go:117","msg":"register failed","error":"context deadline exceeded"}
{"level":"ERROR","time":"2025-08-19T15:13:21.074+0800","caller":"discovery/discovery.go:117","msg":"register failed","error":"context deadline exceeded"}
{"level":"ERROR","time":"2025-08-19T15:13:21.286+0800","caller":"discovery/discovery.go:117","msg":"register failed","error":"context deadline exceeded"}
{"level":"ERROR","time":"2025-08-19T15:13:24.074+0800","caller":"discovery/discovery.go:117","msg":"register failed","error":"context deadline exceeded"}
{"level":"ERROR","time":"2025-08-19T15:13:24.287+0800","caller":"discovery/discovery.go:117","msg":"register failed","error":"context deadline exceeded"}
{"level":"ERROR","time":"2025-08-19T15:13:27.074+0800","caller":"discovery/discovery.go:117","msg":"register failed","error":"context deadline exceeded"}
{"level":"ERROR","time":"2025-08-19T15:13:27.287+0800","caller":"discovery/discovery.go:117","msg":"register failed","error":"context deadline exceeded"}
{"level":"ERROR","time":"2025-08-19T15:13:30.075+0800","caller":"discovery/discovery.go:117","msg":"register failed","error":"context deadline exceeded"}
{"level":"ERROR","time":"2025-08-19T15:13:30.288+0800","caller":"discovery/discovery.go:117","msg":"register failed","error":"context deadline exceeded"}
{"level":"ERROR","time":"2025-08-19T15:13:33.076+0800","caller":"discovery/discovery.go:117","msg":"register failed","error":"context deadline exceeded"}
{"level":"ERROR","time":"2025-08-19T15:13:33.289+0800","caller":"discovery/discovery.go:117","msg":"register failed","error":"context deadline exceeded"}
{"level":"ERROR","time":"2025-08-19T15:13:36.076+0800","caller":"discovery/discovery.go:117","msg":"register failed","error":"context deadline exceeded"}
{"level":"ERROR","time":"2025-08-19T15:13:36.289+0800","caller":"discovery/discovery.go:117","msg":"register failed","error":"context deadline exceeded"}
{"level":"ERROR","time":"2025-08-19T15:13:39.077+0800","caller":"discovery/discovery.go:117","msg":"register failed","error":"context deadline exceeded"}
{"level":"ERROR","time":"2025-08-19T15:13:39.290+0800","caller":"discovery/discovery.go:117","msg":"register failed","error":"context deadline exceeded"}
{"level":"ERROR","time":"2025-08-19T15:13:42.078+0800","caller":"discovery/discovery.go:117","msg":"register failed","error":"context deadline exceeded"}
{"level":"ERROR","time":"2025-08-19T15:13:42.290+0800","caller":"discovery/discovery.go:117","msg":"register failed","error":"context deadline exceeded"}
{"level":"ERROR","time":"2025-08-19T15:13:45.078+0800","caller":"discovery/discovery.go:117","msg":"register failed","error":"context deadline exceeded"}
{"level":"ERROR","time":"2025-08-19T15:13:45.291+0800","caller":"discovery/discovery.go:117","msg":"register failed","error":"context deadline exceeded"}
{"level":"ERROR","time":"2025-08-19T15:13:48.079+0800","caller":"discovery/discovery.go:117","msg":"register failed","error":"context deadline exceeded"}
{"level":"ERROR","time":"2025-08-19T15:13:48.291+0800","caller":"discovery/discovery.go:117","msg":"register failed","error":"context deadline exceeded"}
{"level":"ERROR","time":"2025-08-19T15:13:51.080+0800","caller":"discovery/discovery.go:117","msg":"register failed","error":"context deadline exceeded"}
{"level":"ERROR","time":"2025-08-19T15:13:51.291+0800","caller":"discovery/discovery.go:117","msg":"register failed","error":"context deadline exceeded"}
{"level":"ERROR","time":"2025-08-19T15:13:54.080+0800","caller":"discovery/discovery.go:117","msg":"register failed","error":"context deadline exceeded"}
{"level":"ERROR","time":"2025-08-19T15:13:54.292+0800","caller":"discovery/discovery.go:117","msg":"register failed","error":"context deadline exceeded"}
{"level":"ERROR","time":"2025-08-19T15:13:57.080+0800","caller":"discovery/discovery.go:117","msg":"register failed","error":"context deadline exceeded"}
{"level":"ERROR","time":"2025-08-19T15:13:57.292+0800","caller":"discovery/discovery.go:117","msg":"register failed","error":"context deadline exceeded"}
{"level":"ERROR","time":"2025-08-19T15:14:00.081+0800","caller":"discovery/discovery.go:117","msg":"register failed","error":"context deadline exceeded"}
{"level":"ERROR","time":"2025-08-19T15:14:00.293+0800","caller":"discovery/discovery.go:117","msg":"register failed","error":"context deadline exceeded"}
{"level":"ERROR","time":"2025-08-19T15:14:03.081+0800","caller":"discovery/discovery.go:117","msg":"register failed","error":"context deadline exceeded"}
{"level":"ERROR","time":"2025-08-19T15:14:03.293+0800","caller":"discovery/discovery.go:117","msg":"register failed","error":"context deadline exceeded"}
{"level":"ERROR","time":"2025-08-19T15:14:06.082+0800","caller":"discovery/discovery.go:117","msg":"register failed","error":"context deadline exceeded"}
{"level":"ERROR","time":"2025-08-19T15:14:06.294+0800","caller":"discovery/discovery.go:117","msg":"register failed","error":"context deadline exceeded"}
{"level":"ERROR","time":"2025-08-19T15:14:09.082+0800","caller":"discovery/discovery.go:117","msg":"register failed","error":"context deadline exceeded"}
{"level":"ERROR","time":"2025-08-19T15:14:09.294+0800","caller":"discovery/discovery.go:117","msg":"register failed","error":"context deadline exceeded"}
{"level":"ERROR","time":"2025-08-19T15:14:12.082+0800","caller":"discovery/discovery.go:117","msg":"register failed","error":"context deadline exceeded"}
{"level":"ERROR","time":"2025-08-19T15:14:12.294+0800","caller":"discovery/discovery.go:117","msg":"register failed","error":"context deadline exceeded"}
{"level":"ERROR","time":"2025-08-19T15:14:15.083+0800","caller":"discovery/discovery.go:117","msg":"register failed","error":"context deadline exceeded"}
{"level":"ERROR","time":"2025-08-19T15:14:15.294+0800","caller":"discovery/discovery.go:117","msg":"register failed","error":"context deadline exceeded"}
{"level":"ERROR","time":"2025-08-19T15:14:18.084+0800","caller":"discovery/discovery.go:117","msg":"register failed","error":"context deadline exceeded"}
{"level":"ERROR","time":"2025-08-19T15:14:18.295+0800","caller":"discovery/discovery.go:117","msg":"register failed","error":"context deadline exceeded"}
{"level":"ERROR","time":"2025-08-19T15:14:21.084+0800","caller":"discovery/discovery.go:117","msg":"register failed","error":"context deadline exceeded"}
{"level":"ERROR","time":"2025-08-19T15:14:21.295+0800","caller":"discovery/discovery.go:117","msg":"register failed","error":"context deadline exceeded"}
{"level":"ERROR","time":"2025-08-19T15:14:24.084+0800","caller":"discovery/discovery.go:117","msg":"register failed","error":"context deadline exceeded"}
{"level":"ERROR","time":"2025-08-19T15:14:24.295+0800","caller":"discovery/discovery.go:117","msg":"register failed","error":"context deadline exceeded"}
{"level":"ERROR","time":"2025-08-19T15:14:27.085+0800","caller":"discovery/discovery.go:117","msg":"register failed","error":"context deadline exceeded"}
{"level":"ERROR","time":"2025-08-19T15:14:27.296+0800","caller":"discovery/discovery.go:117","msg":"register failed","error":"context deadline exceeded"}
{"level":"ERROR","time":"2025-08-19T15:14:30.086+0800","caller":"discovery/discovery.go:117","msg":"register failed","error":"context deadline exceeded"}
{"level":"ERROR","time":"2025-08-19T15:14:30.296+0800","caller":"discovery/discovery.go:117","msg":"register failed","error":"context deadline exceeded"}
{"level":"ERROR","time":"2025-08-19T15:14:33.086+0800","caller":"discovery/discovery.go:117","msg":"register failed","error":"context deadline exceeded"}
{"level":"ERROR","time":"2025-08-19T15:14:33.297+0800","caller":"discovery/discovery.go:117","msg":"register failed","error":"context deadline exceeded"}
{"level":"ERROR","time":"2025-08-19T15:14:36.087+0800","caller":"discovery/discovery.go:117","msg":"register failed","error":"context deadline exceeded"}
{"level":"ERROR","time":"2025-08-19T15:14:36.297+0800","caller":"discovery/discovery.go:117","msg":"register failed","error":"context deadline exceeded"}
{"level":"ERROR","time":"2025-08-19T15:14:39.088+0800","caller":"discovery/discovery.go:117","msg":"register failed","error":"context deadline exceeded"}
{"level":"ERROR","time":"2025-08-19T15:14:39.298+0800","caller":"discovery/discovery.go:117","msg":"register failed","error":"context deadline exceeded"}
{"level":"ERROR","time":"2025-08-19T15:14:42.088+0800","caller":"discovery/discovery.go:117","msg":"register failed","error":"context deadline exceeded"}
{"level":"ERROR","time":"2025-08-19T15:14:42.298+0800","caller":"discovery/discovery.go:117","msg":"register failed","error":"context deadline exceeded"}
{"level":"ERROR","time":"2025-08-19T15:14:45.089+0800","caller":"discovery/discovery.go:117","msg":"register failed","error":"context deadline exceeded"}
{"level":"ERROR","time":"2025-08-19T15:14:45.299+0800","caller":"discovery/discovery.go:117","msg":"register failed","error":"context deadline exceeded"}
{"level":"ERROR","time":"2025-08-19T15:14:48.089+0800","caller":"discovery/discovery.go:117","msg":"register failed","error":"context deadline exceeded"}
{"level":"ERROR","time":"2025-08-19T15:14:48.300+0800","caller":"discovery/discovery.go:117","msg":"register failed","error":"context deadline exceeded"}
{"level":"ERROR","time":"2025-08-19T15:14:51.089+0800","caller":"discovery/discovery.go:117","msg":"register failed","error":"context deadline exceeded"}
{"level":"ERROR","time":"2025-08-19T15:14:51.301+0800","caller":"discovery/discovery.go:117","msg":"register failed","error":"context deadline exceeded"}
{"level":"ERROR","time":"2025-08-19T15:14:54.091+0800","caller":"discovery/discovery.go:117","msg":"register failed","error":"context deadline exceeded"}
{"level":"ERROR","time":"2025-08-19T15:14:54.302+0800","caller":"discovery/discovery.go:117","msg":"register failed","error":"context deadline exceeded"}
{"level":"ERROR","time":"2025-08-19T15:14:57.092+0800","caller":"discovery/discovery.go:117","msg":"register failed","error":"context deadline exceeded"}
{"level":"ERROR","time":"2025-08-19T15:14:57.303+0800","caller":"discovery/discovery.go:117","msg":"register failed","error":"context deadline exceeded"}
{"level":"ERROR","time":"2025-08-19T15:15:00.093+0800","caller":"discovery/discovery.go:117","msg":"register failed","error":"context deadline exceeded"}
{"level":"ERROR","time":"2025-08-19T15:15:00.304+0800","caller":"discovery/discovery.go:117","msg":"register failed","error":"context deadline exceeded"}
{"level":"ERROR","time":"2025-08-19T15:15:03.093+0800","caller":"discovery/discovery.go:117","msg":"register failed","error":"context deadline exceeded"}
{"level":"ERROR","time":"2025-08-19T15:15:03.304+0800","caller":"discovery/discovery.go:117","msg":"register failed","error":"context deadline exceeded"}
{"level":"ERROR","time":"2025-08-19T15:15:06.094+0800","caller":"discovery/discovery.go:117","msg":"register failed","error":"context deadline exceeded"}
{"level":"ERROR","time":"2025-08-19T15:15:06.305+0800","caller":"discovery/discovery.go:117","msg":"register failed","error":"context deadline exceeded"}
{"level":"ERROR","time":"2025-08-19T15:15:09.095+0800","caller":"discovery/discovery.go:117","msg":"register failed","error":"context deadline exceeded"}
{"level":"ERROR","time":"2025-08-19T15:15:09.305+0800","caller":"discovery/discovery.go:117","msg":"register failed","error":"context deadline exceeded"}
{"level":"ERROR","time":"2025-08-19T15:15:12.095+0800","caller":"discovery/discovery.go:117","msg":"register failed","error":"context deadline exceeded"}
{"level":"ERROR","time":"2025-08-19T15:15:12.305+0800","caller":"discovery/discovery.go:117","msg":"register failed","error":"context deadline exceeded"}
{"level":"ERROR","time":"2025-08-19T15:15:15.105+0800","caller":"discovery/discovery.go:117","msg":"register failed","error":"context deadline exceeded"}
{"level":"ERROR","time":"2025-08-19T15:15:15.306+0800","caller":"discovery/discovery.go:117","msg":"register failed","error":"context deadline exceeded"}
{"level":"ERROR","time":"2025-08-19T15:15:18.106+0800","caller":"discovery/discovery.go:117","msg":"register failed","error":"context deadline exceeded"}
{"level":"ERROR","time":"2025-08-19T15:15:18.307+0800","caller":"discovery/discovery.go:117","msg":"register failed","error":"context deadline exceeded"}
{"level":"ERROR","time":"2025-08-19T15:15:21.106+0800","caller":"discovery/discovery.go:117","msg":"register failed","error":"context deadline exceeded"}
{"level":"ERROR","time":"2025-08-19T15:15:21.307+0800","caller":"discovery/discovery.go:117","msg":"register failed","error":"context deadline exceeded"}
{"level":"ERROR","time":"2025-08-19T15:15:24.107+0800","caller":"discovery/discovery.go:117","msg":"register failed","error":"context deadline exceeded"}
{"level":"ERROR","time":"2025-08-19T15:15:24.307+0800","caller":"discovery/discovery.go:117","msg":"register failed","error":"context deadline exceeded"}
{"level":"ERROR","time":"2025-08-19T15:15:27.107+0800","caller":"discovery/discovery.go:117","msg":"register failed","error":"context deadline exceeded"}
{"level":"ERROR","time":"2025-08-19T15:15:27.308+0800","caller":"discovery/discovery.go:117","msg":"register failed","error":"context deadline exceeded"}
{"level":"ERROR","time":"2025-08-19T15:15:30.108+0800","caller":"discovery/discovery.go:117","msg":"register failed","error":"context deadline exceeded"}
{"level":"ERROR","time":"2025-08-19T15:15:30.308+0800","caller":"discovery/discovery.go:117","msg":"register failed","error":"context deadline exceeded"}
{"level":"ERROR","time":"2025-08-19T15:15:33.109+0800","caller":"discovery/discovery.go:117","msg":"register failed","error":"context deadline exceeded"}
{"level":"ERROR","time":"2025-08-19T15:15:33.308+0800","caller":"discovery/discovery.go:117","msg":"register failed","error":"context deadline exceeded"}
{"level":"ERROR","time":"2025-08-19T15:15:36.109+0800","caller":"discovery/discovery.go:117","msg":"register failed","error":"context deadline exceeded"}
{"level":"ERROR","time":"2025-08-19T15:15:36.309+0800","caller":"discovery/discovery.go:117","msg":"register failed","error":"context deadline exceeded"}
{"level":"ERROR","time":"2025-08-19T15:15:39.109+0800","caller":"discovery/discovery.go:117","msg":"register failed","error":"context deadline exceeded"}
{"level":"ERROR","time":"2025-08-19T15:15:39.310+0800","caller":"discovery/discovery.go:117","msg":"register failed","error":"context deadline exceeded"}
{"level":"ERROR","time":"2025-08-19T15:15:42.111+0800","caller":"discovery/discovery.go:117","msg":"register failed","error":"context deadline exceeded"}
{"level":"ERROR","time":"2025-08-19T15:15:42.310+0800","caller":"discovery/discovery.go:117","msg":"register failed","error":"context deadline exceeded"}
{"level":"ERROR","time":"2025-08-19T15:15:45.112+0800","caller":"discovery/discovery.go:117","msg":"register failed","error":"context deadline exceeded"}
{"level":"ERROR","time":"2025-08-19T15:15:45.311+0800","caller":"discovery/discovery.go:117","msg":"register failed","error":"context deadline exceeded"}
{"level":"ERROR","time":"2025-08-19T15:15:48.112+0800","caller":"discovery/discovery.go:117","msg":"register failed","error":"context deadline exceeded"}
{"level":"ERROR","time":"2025-08-19T15:15:48.312+0800","caller":"discovery/discovery.go:117","msg":"register failed","error":"context deadline exceeded"}
{"level":"ERROR","time":"2025-08-19T15:15:51.112+0800","caller":"discovery/discovery.go:117","msg":"register failed","error":"context deadline exceeded"}
{"level":"ERROR","time":"2025-08-19T15:15:51.313+0800","caller":"discovery/discovery.go:117","msg":"register failed","error":"context deadline exceeded"}
{"level":"ERROR","time":"2025-08-19T15:15:54.113+0800","caller":"discovery/discovery.go:117","msg":"register failed","error":"context deadline exceeded"}
{"level":"ERROR","time":"2025-08-19T15:15:54.313+0800","caller":"discovery/discovery.go:117","msg":"register failed","error":"context deadline exceeded"}
{"level":"ERROR","time":"2025-08-19T15:15:57.114+0800","caller":"discovery/discovery.go:117","msg":"register failed","error":"context deadline exceeded"}
{"level":"ERROR","time":"2025-08-19T15:15:57.314+0800","caller":"discovery/discovery.go:117","msg":"register failed","error":"context deadline exceeded"}
{"level":"ERROR","time":"2025-08-19T15:16:00.115+0800","caller":"discovery/discovery.go:117","msg":"register failed","error":"context deadline exceeded"}
{"level":"ERROR","time":"2025-08-19T15:16:00.314+0800","caller":"discovery/discovery.go:117","msg":"register failed","error":"context deadline exceeded"}
{"level":"ERROR","time":"2025-08-19T15:16:03.115+0800","caller":"discovery/discovery.go:117","msg":"register failed","error":"context deadline exceeded"}
{"level":"ERROR","time":"2025-08-19T15:16:03.315+0800","caller":"discovery/discovery.go:117","msg":"register failed","error":"context deadline exceeded"}
{"level":"ERROR","time":"2025-08-19T15:16:06.116+0800","caller":"discovery/discovery.go:117","msg":"register failed","error":"context deadline exceeded"}
{"level":"ERROR","time":"2025-08-19T15:16:06.316+0800","caller":"discovery/discovery.go:117","msg":"register failed","error":"context deadline exceeded"}
{"level":"ERROR","time":"2025-08-19T15:16:09.116+0800","caller":"discovery/discovery.go:117","msg":"register failed","error":"context deadline exceeded"}
{"level":"ERROR","time":"2025-08-19T15:16:09.316+0800","caller":"discovery/discovery.go:117","msg":"register failed","error":"context deadline exceeded"}
{"level":"ERROR","time":"2025-08-19T15:16:12.117+0800","caller":"discovery/discovery.go:117","msg":"register failed","error":"context deadline exceeded"}
{"level":"ERROR","time":"2025-08-19T15:16:12.317+0800","caller":"discovery/discovery.go:117","msg":"register failed","error":"context deadline exceeded"}
{"level":"ERROR","time":"2025-08-19T15:16:15.117+0800","caller":"discovery/discovery.go:117","msg":"register failed","error":"context deadline exceeded"}
{"level":"ERROR","time":"2025-08-19T15:16:15.317+0800","caller":"discovery/discovery.go:117","msg":"register failed","error":"context deadline exceeded"}
{"level":"ERROR","time":"2025-08-19T15:16:18.118+0800","caller":"discovery/discovery.go:117","msg":"register failed","error":"context deadline exceeded"}
{"level":"ERROR","time":"2025-08-19T15:16:18.318+0800","caller":"discovery/discovery.go:117","msg":"register failed","error":"context deadline exceeded"}
{"level":"ERROR","time":"2025-08-19T15:16:21.119+0800","caller":"discovery/discovery.go:117","msg":"register failed","error":"context deadline exceeded"}
{"level":"ERROR","time":"2025-08-19T15:16:21.318+0800","caller":"discovery/discovery.go:117","msg":"register failed","error":"context deadline exceeded"}
{"level":"ERROR","time":"2025-08-19T15:16:24.119+0800","caller":"discovery/discovery.go:117","msg":"register failed","error":"context deadline exceeded"}
{"level":"ERROR","time":"2025-08-19T15:16:24.318+0800","caller":"discovery/discovery.go:117","msg":"register failed","error":"context deadline exceeded"}
{"level":"ERROR","time":"2025-08-19T15:16:27.120+0800","caller":"discovery/discovery.go:117","msg":"register failed","error":"context deadline exceeded"}
{"level":"ERROR","time":"2025-08-19T15:16:27.319+0800","caller":"discovery/discovery.go:117","msg":"register failed","error":"context deadline exceeded"}
{"level":"ERROR","time":"2025-08-19T15:16:30.120+0800","caller":"discovery/discovery.go:117","msg":"register failed","error":"context deadline exceeded"}
{"level":"ERROR","time":"2025-08-19T15:16:30.320+0800","caller":"discovery/discovery.go:117","msg":"register failed","error":"context deadline exceeded"}
{"level":"ERROR","time":"2025-08-19T15:16:33.120+0800","caller":"discovery/discovery.go:117","msg":"register failed","error":"context deadline exceeded"}
{"level":"ERROR","time":"2025-08-19T15:16:33.321+0800","caller":"discovery/discovery.go:117","msg":"register failed","error":"context deadline exceeded"}
{"level":"ERROR","time":"2025-08-19T15:16:36.121+0800","caller":"discovery/discovery.go:117","msg":"register failed","error":"context deadline exceeded"}
{"level":"ERROR","time":"2025-08-19T15:16:36.322+0800","caller":"discovery/discovery.go:117","msg":"register failed","error":"context deadline exceeded"}
{"level":"ERROR","time":"2025-08-19T15:16:39.121+0800","caller":"discovery/discovery.go:117","msg":"register failed","error":"context deadline exceeded"}
{"level":"ERROR","time":"2025-08-19T15:16:39.322+0800","caller":"discovery/discovery.go:117","msg":"register failed","error":"context deadline exceeded"}
{"level":"ERROR","time":"2025-08-19T15:16:42.122+0800","caller":"discovery/discovery.go:117","msg":"register failed","error":"context deadline exceeded"}
{"level":"ERROR","time":"2025-08-19T15:16:42.322+0800","caller":"discovery/discovery.go:117","msg":"register failed","error":"context deadline exceeded"}
{"level":"ERROR","time":"2025-08-19T15:16:45.123+0800","caller":"discovery/discovery.go:117","msg":"register failed","error":"context deadline exceeded"}
{"level":"ERROR","time":"2025-08-19T15:16:45.323+0800","caller":"discovery/discovery.go:117","msg":"register failed","error":"context deadline exceeded"}
{"level":"ERROR","time":"2025-08-19T15:16:48.123+0800","caller":"discovery/discovery.go:117","msg":"register failed","error":"context deadline exceeded"}
{"level":"ERROR","time":"2025-08-19T15:16:48.324+0800","caller":"discovery/discovery.go:117","msg":"register failed","error":"context deadline exceeded"}
{"level":"ERROR","time":"2025-08-19T15:16:51.124+0800","caller":"discovery/discovery.go:117","msg":"register failed","error":"context deadline exceeded"}
{"level":"ERROR","time":"2025-08-19T15:16:51.324+0800","caller":"discovery/discovery.go:117","msg":"register failed","error":"context deadline exceeded"}
{"level":"ERROR","time":"2025-08-19T15:16:54.124+0800","caller":"discovery/discovery.go:117","msg":"register failed","error":"context deadline exceeded"}
{"level":"ERROR","time":"2025-08-19T15:16:54.324+0800","caller":"discovery/discovery.go:117","msg":"register failed","error":"context deadline exceeded"}
{"level":"ERROR","time":"2025-08-19T15:16:57.125+0800","caller":"discovery/discovery.go:117","msg":"register failed","error":"context deadline exceeded"}
{"level":"ERROR","time":"2025-08-19T15:16:57.325+0800","caller":"discovery/discovery.go:117","msg":"register failed","error":"context deadline exceeded"}
{"level":"ERROR","time":"2025-08-19T15:17:00.126+0800","caller":"discovery/discovery.go:117","msg":"register failed","error":"context deadline exceeded"}
{"level":"ERROR","time":"2025-08-19T15:17:00.325+0800","caller":"discovery/discovery.go:117","msg":"register failed","error":"context deadline exceeded"}
{"level":"ERROR","time":"2025-08-19T15:17:03.126+0800","caller":"discovery/discovery.go:117","msg":"register failed","error":"context deadline exceeded"}
{"level":"ERROR","time":"2025-08-19T15:17:03.326+0800","caller":"discovery/discovery.go:117","msg":"register failed","error":"context deadline exceeded"}
{"level":"ERROR","time":"2025-08-19T15:17:06.126+0800","caller":"discovery/discovery.go:117","msg":"register failed","error":"context deadline exceeded"}
{"level":"ERROR","time":"2025-08-19T15:17:06.327+0800","caller":"discovery/discovery.go:117","msg":"register failed","error":"context deadline exceeded"}
{"level":"ERROR","time":"2025-08-19T15:17:09.127+0800","caller":"discovery/discovery.go:117","msg":"register failed","error":"context deadline exceeded"}
{"level":"ERROR","time":"2025-08-19T15:17:09.328+0800","caller":"discovery/discovery.go:117","msg":"register failed","error":"context deadline exceeded"}
{"level":"ERROR","time":"2025-08-19T15:17:12.127+0800","caller":"discovery/discovery.go:117","msg":"register failed","error":"context deadline exceeded"}
{"level":"ERROR","time":"2025-08-19T15:17:12.328+0800","caller":"discovery/discovery.go:117","msg":"register failed","error":"context deadline exceeded"}
{"level":"ERROR","time":"2025-08-19T15:17:15.127+0800","caller":"discovery/discovery.go:117","msg":"register failed","error":"context deadline exceeded"}
{"level":"ERROR","time":"2025-08-19T15:17:15.328+0800","caller":"discovery/discovery.go:117","msg":"register failed","error":"context deadline exceeded"}
{"level":"ERROR","time":"2025-08-19T15:17:18.128+0800","caller":"discovery/discovery.go:117","msg":"register failed","error":"context deadline exceeded"}
{"level":"ERROR","time":"2025-08-19T15:17:18.329+0800","caller":"discovery/discovery.go:117","msg":"register failed","error":"context deadline exceeded"}
{"level":"ERROR","time":"2025-08-19T15:17:21.129+0800","caller":"discovery/discovery.go:117","msg":"register failed","error":"context deadline exceeded"}
{"level":"ERROR","time":"2025-08-19T15:17:21.329+0800","caller":"discovery/discovery.go:117","msg":"register failed","error":"context deadline exceeded"}
{"level":"ERROR","time":"2025-08-19T15:17:24.129+0800","caller":"discovery/discovery.go:117","msg":"register failed","error":"context deadline exceeded"}
{"level":"ERROR","time":"2025-08-19T15:17:24.330+0800","caller":"discovery/discovery.go:117","msg":"register failed","error":"context deadline exceeded"}
{"level":"ERROR","time":"2025-08-19T15:17:27.130+0800","caller":"discovery/discovery.go:117","msg":"register failed","error":"context deadline exceeded"}
{"level":"ERROR","time":"2025-08-19T15:17:27.331+0800","caller":"discovery/discovery.go:117","msg":"register failed","error":"context deadline exceeded"}
{"level":"ERROR","time":"2025-08-19T15:17:30.130+0800","caller":"discovery/discovery.go:117","msg":"register failed","error":"context deadline exceeded"}
{"level":"ERROR","time":"2025-08-19T15:17:30.332+0800","caller":"discovery/discovery.go:117","msg":"register failed","error":"context deadline exceeded"}
{"level":"ERROR","time":"2025-08-19T15:17:33.131+0800","caller":"discovery/discovery.go:117","msg":"register failed","error":"context deadline exceeded"}
{"level":"ERROR","time":"2025-08-19T15:17:33.332+0800","caller":"discovery/discovery.go:117","msg":"register failed","error":"context deadline exceeded"}
{"level":"ERROR","time":"2025-08-19T15:17:36.131+0800","caller":"discovery/discovery.go:117","msg":"register failed","error":"context deadline exceeded"}
{"level":"ERROR","time":"2025-08-19T15:17:36.333+0800","caller":"discovery/discovery.go:117","msg":"register failed","error":"context deadline exceeded"}
{"level":"ERROR","time":"2025-08-19T15:17:39.132+0800","caller":"discovery/discovery.go:117","msg":"register failed","error":"context deadline exceeded"}
{"level":"ERROR","time":"2025-08-19T15:17:39.334+0800","caller":"discovery/discovery.go:117","msg":"register failed","error":"context deadline exceeded"}
{"level":"ERROR","time":"2025-08-19T15:17:42.133+0800","caller":"discovery/discovery.go:117","msg":"register failed","error":"context deadline exceeded"}
{"level":"ERROR","time":"2025-08-19T15:17:42.334+0800","caller":"discovery/discovery.go:117","msg":"register failed","error":"context deadline exceeded"}
{"level":"ERROR","time":"2025-08-19T15:17:45.133+0800","caller":"discovery/discovery.go:117","msg":"register failed","error":"context deadline exceeded"}
{"level":"ERROR","time":"2025-08-19T15:17:45.335+0800","caller":"discovery/discovery.go:117","msg":"register failed","error":"context deadline exceeded"}
{"level":"ERROR","time":"2025-08-19T15:17:48.134+0800","caller":"discovery/discovery.go:117","msg":"register failed","error":"context deadline exceeded"}
{"level":"ERROR","time":"2025-08-19T15:17:48.335+0800","caller":"discovery/discovery.go:117","msg":"register failed","error":"context deadline exceeded"}
{"level":"ERROR","time":"2025-08-19T15:17:51.134+0800","caller":"discovery/discovery.go:117","msg":"register failed","error":"context deadline exceeded"}
{"level":"ERROR","time":"2025-08-19T15:17:51.336+0800","caller":"discovery/discovery.go:117","msg":"register failed","error":"context deadline exceeded"}
{"level":"ERROR","time":"2025-08-19T15:17:54.134+0800","caller":"discovery/discovery.go:117","msg":"register failed","error":"context deadline exceeded"}
{"level":"ERROR","time":"2025-08-19T15:17:54.337+0800","caller":"discovery/discovery.go:117","msg":"register failed","error":"context deadline exceeded"}
{"level":"ERROR","time":"2025-08-19T15:17:57.135+0800","caller":"discovery/discovery.go:117","msg":"register failed","error":"context deadline exceeded"}
{"level":"ERROR","time":"2025-08-19T15:17:57.338+0800","caller":"discovery/discovery.go:117","msg":"register failed","error":"context deadline exceeded"}
{"level":"ERROR","time":"2025-08-19T15:18:00.136+0800","caller":"discovery/discovery.go:117","msg":"register failed","error":"context deadline exceeded"}
{"level":"ERROR","time":"2025-08-19T15:18:00.338+0800","caller":"discovery/discovery.go:117","msg":"register failed","error":"context deadline exceeded"}
{"level":"ERROR","time":"2025-08-19T15:18:03.136+0800","caller":"discovery/discovery.go:117","msg":"register failed","error":"context deadline exceeded"}
{"level":"ERROR","time":"2025-08-19T15:18:03.339+0800","caller":"discovery/discovery.go:117","msg":"register failed","error":"context deadline exceeded"}
{"level":"ERROR","time":"2025-08-19T15:18:06.136+0800","caller":"discovery/discovery.go:117","msg":"register failed","error":"context deadline exceeded"}
{"level":"ERROR","time":"2025-08-19T15:18:06.340+0800","caller":"discovery/discovery.go:117","msg":"register failed","error":"context deadline exceeded"}
{"level":"ERROR","time":"2025-08-19T15:18:09.136+0800","caller":"discovery/discovery.go:117","msg":"register failed","error":"context deadline exceeded"}
{"level":"ERROR","time":"2025-08-19T15:18:09.341+0800","caller":"discovery/discovery.go:117","msg":"register failed","error":"context deadline exceeded"}
{"level":"ERROR","time":"2025-08-19T15:18:12.137+0800","caller":"discovery/discovery.go:117","msg":"register failed","error":"context deadline exceeded"}
{"level":"ERROR","time":"2025-08-19T15:18:12.342+0800","caller":"discovery/discovery.go:117","msg":"register failed","error":"context deadline exceeded"}
{"level":"ERROR","time":"2025-08-19T15:18:15.137+0800","caller":"discovery/discovery.go:117","msg":"register failed","error":"context deadline exceeded"}
{"level":"ERROR","time":"2025-08-19T15:18:15.342+0800","caller":"discovery/discovery.go:117","msg":"register failed","error":"context deadline exceeded"}
{"level":"ERROR","time":"2025-08-19T15:18:18.137+0800","caller":"discovery/discovery.go:117","msg":"register failed","error":"context deadline exceeded"}
{"level":"ERROR","time":"2025-08-19T15:18:18.343+0800","caller":"discovery/discovery.go:117","msg":"register failed","error":"context deadline exceeded"}
{"level":"ERROR","time":"2025-08-19T15:18:21.138+0800","caller":"discovery/discovery.go:117","msg":"register failed","error":"context deadline exceeded"}
{"level":"ERROR","time":"2025-08-19T15:18:21.343+0800","caller":"discovery/discovery.go:117","msg":"register failed","error":"context deadline exceeded"}
{"level":"ERROR","time":"2025-08-19T15:18:24.139+0800","caller":"discovery/discovery.go:117","msg":"register failed","error":"context deadline exceeded"}
{"level":"ERROR","time":"2025-08-19T15:18:24.344+0800","caller":"discovery/discovery.go:117","msg":"register failed","error":"context deadline exceeded"}
{"level":"ERROR","time":"2025-08-19T15:18:27.139+0800","caller":"discovery/discovery.go:117","msg":"register failed","error":"context deadline exceeded"}
{"level":"ERROR","time":"2025-08-19T15:18:27.344+0800","caller":"discovery/discovery.go:117","msg":"register failed","error":"context deadline exceeded"}
{"level":"ERROR","time":"2025-08-19T15:18:30.140+0800","caller":"discovery/discovery.go:117","msg":"register failed","error":"context deadline exceeded"}
{"level":"ERROR","time":"2025-08-19T15:18:30.345+0800","caller":"discovery/discovery.go:117","msg":"register failed","error":"context deadline exceeded"}
{"level":"ERROR","time":"2025-08-19T15:18:33.140+0800","caller":"discovery/discovery.go:117","msg":"register failed","error":"context deadline exceeded"}
{"level":"ERROR","time":"2025-08-19T15:18:33.345+0800","caller":"discovery/discovery.go:117","msg":"register failed","error":"context deadline exceeded"}
{"level":"ERROR","time":"2025-08-19T15:18:36.140+0800","caller":"discovery/discovery.go:117","msg":"register failed","error":"context deadline exceeded"}
{"level":"ERROR","time":"2025-08-19T15:18:36.345+0800","caller":"discovery/discovery.go:117","msg":"register failed","error":"context deadline exceeded"}
{"level":"ERROR","time":"2025-08-19T15:18:39.140+0800","caller":"discovery/discovery.go:117","msg":"register failed","error":"context deadline exceeded"}
{"level":"ERROR","time":"2025-08-19T15:18:39.346+0800","caller":"discovery/discovery.go:117","msg":"register failed","error":"context deadline exceeded"}
{"level":"ERROR","time":"2025-08-19T15:18:42.141+0800","caller":"discovery/discovery.go:117","msg":"register failed","error":"context deadline exceeded"}
{"level":"ERROR","time":"2025-08-19T15:18:42.347+0800","caller":"discovery/discovery.go:117","msg":"register failed","error":"context deadline exceeded"}
{"level":"ERROR","time":"2025-08-19T15:18:45.141+0800","caller":"discovery/discovery.go:117","msg":"register failed","error":"context deadline exceeded"}
{"level":"ERROR","time":"2025-08-19T15:18:45.347+0800","caller":"discovery/discovery.go:117","msg":"register failed","error":"context deadline exceeded"}
{"level":"ERROR","time":"2025-08-19T15:18:48.142+0800","caller":"discovery/discovery.go:117","msg":"register failed","error":"context deadline exceeded"}
{"level":"ERROR","time":"2025-08-19T15:18:48.347+0800","caller":"discovery/discovery.go:117","msg":"register failed","error":"context deadline exceeded"}
{"level":"ERROR","time":"2025-08-19T15:18:51.142+0800","caller":"discovery/discovery.go:117","msg":"register failed","error":"context deadline exceeded"}
{"level":"ERROR","time":"2025-08-19T15:18:51.348+0800","caller":"discovery/discovery.go:117","msg":"register failed","error":"context deadline exceeded"}
{"level":"ERROR","time":"2025-08-19T15:18:54.143+0800","caller":"discovery/discovery.go:117","msg":"register failed","error":"context deadline exceeded"}
{"level":"ERROR","time":"2025-08-19T15:18:54.349+0800","caller":"discovery/discovery.go:117","msg":"register failed","error":"context deadline exceeded"}
{"level":"ERROR","time":"2025-08-19T15:18:57.143+0800","caller":"discovery/discovery.go:117","msg":"register failed","error":"context deadline exceeded"}
{"level":"ERROR","time":"2025-08-19T15:18:57.349+0800","caller":"discovery/discovery.go:117","msg":"register failed","error":"context deadline exceeded"}
{"level":"ERROR","time":"2025-08-19T15:19:00.143+0800","caller":"discovery/discovery.go:117","msg":"register failed","error":"context deadline exceeded"}
{"level":"ERROR","time":"2025-08-19T15:19:00.349+0800","caller":"discovery/discovery.go:117","msg":"register failed","error":"context deadline exceeded"}
{"level":"ERROR","time":"2025-08-19T15:19:03.144+0800","caller":"discovery/discovery.go:117","msg":"register failed","error":"context deadline exceeded"}
{"level":"ERROR","time":"2025-08-19T15:19:03.350+0800","caller":"discovery/discovery.go:117","msg":"register failed","error":"context deadline exceeded"}
{"level":"ERROR","time":"2025-08-19T15:19:06.144+0800","caller":"discovery/discovery.go:117","msg":"register failed","error":"context deadline exceeded"}
{"level":"ERROR","time":"2025-08-19T15:19:06.350+0800","caller":"discovery/discovery.go:117","msg":"register failed","error":"context deadline exceeded"}
{"level":"ERROR","time":"2025-08-19T15:19:09.145+0800","caller":"discovery/discovery.go:117","msg":"register failed","error":"context deadline exceeded"}
{"level":"ERROR","time":"2025-08-19T15:19:09.350+0800","caller":"discovery/discovery.go:117","msg":"register failed","error":"context deadline exceeded"}
{"level":"ERROR","time":"2025-08-19T15:19:12.145+0800","caller":"discovery/discovery.go:117","msg":"register failed","error":"context deadline exceeded"}
{"level":"ERROR","time":"2025-08-19T15:19:12.351+0800","caller":"discovery/discovery.go:117","msg":"register failed","error":"context deadline exceeded"}
{"level":"ERROR","time":"2025-08-19T15:19:15.146+0800","caller":"discovery/discovery.go:117","msg":"register failed","error":"context deadline exceeded"}
{"level":"ERROR","time":"2025-08-19T15:19:15.352+0800","caller":"discovery/discovery.go:117","msg":"register failed","error":"context deadline exceeded"}
{"level":"ERROR","time":"2025-08-19T15:19:18.146+0800","caller":"discovery/discovery.go:117","msg":"register failed","error":"context deadline exceeded"}
{"level":"ERROR","time":"2025-08-19T15:19:18.353+0800","caller":"discovery/discovery.go:117","msg":"register failed","error":"context deadline exceeded"}
{"level":"ERROR","time":"2025-08-19T15:19:21.147+0800","caller":"discovery/discovery.go:117","msg":"register failed","error":"context deadline exceeded"}
{"level":"ERROR","time":"2025-08-19T15:19:21.354+0800","caller":"discovery/discovery.go:117","msg":"register failed","error":"context deadline exceeded"}
{"level":"ERROR","time":"2025-08-19T15:19:24.147+0800","caller":"discovery/discovery.go:117","msg":"register failed","error":"context deadline exceeded"}
{"level":"ERROR","time":"2025-08-19T15:19:24.355+0800","caller":"discovery/discovery.go:117","msg":"register failed","error":"context deadline exceeded"}
{"level":"ERROR","time":"2025-08-19T15:19:27.147+0800","caller":"discovery/discovery.go:117","msg":"register failed","error":"context deadline exceeded"}
{"level":"ERROR","time":"2025-08-19T15:19:27.355+0800","caller":"discovery/discovery.go:117","msg":"register failed","error":"context deadline exceeded"}
{"level":"ERROR","time":"2025-08-19T15:19:30.148+0800","caller":"discovery/discovery.go:117","msg":"register failed","error":"context deadline exceeded"}
{"level":"ERROR","time":"2025-08-19T15:19:30.355+0800","caller":"discovery/discovery.go:117","msg":"register failed","error":"context deadline exceeded"}
{"level":"ERROR","time":"2025-08-19T15:19:33.149+0800","caller":"discovery/discovery.go:117","msg":"register failed","error":"context deadline exceeded"}
{"level":"ERROR","time":"2025-08-19T15:19:33.356+0800","caller":"discovery/discovery.go:117","msg":"register failed","error":"context deadline exceeded"}
{"level":"ERROR","time":"2025-08-19T15:19:36.149+0800","caller":"discovery/discovery.go:117","msg":"register failed","error":"context deadline exceeded"}
{"level":"ERROR","time":"2025-08-19T15:19:36.357+0800","caller":"discovery/discovery.go:117","msg":"register failed","error":"context deadline exceeded"}
{"level":"ERROR","time":"2025-08-19T15:19:39.149+0800","caller":"discovery/discovery.go:117","msg":"register failed","error":"context deadline exceeded"}
{"level":"ERROR","time":"2025-08-19T15:19:39.358+0800","caller":"discovery/discovery.go:117","msg":"register failed","error":"context deadline exceeded"}
{"level":"ERROR","time":"2025-08-19T15:19:42.150+0800","caller":"discovery/discovery.go:117","msg":"register failed","error":"context deadline exceeded"}
{"level":"ERROR","time":"2025-08-19T15:19:42.359+0800","caller":"discovery/discovery.go:117","msg":"register failed","error":"context deadline exceeded"}
{"level":"ERROR","time":"2025-08-19T15:19:45.151+0800","caller":"discovery/discovery.go:117","msg":"register failed","error":"context deadline exceeded"}
{"level":"ERROR","time":"2025-08-19T15:19:45.359+0800","caller":"discovery/discovery.go:117","msg":"register failed","error":"context deadline exceeded"}
{"level":"ERROR","time":"2025-08-19T15:19:48.151+0800","caller":"discovery/discovery.go:117","msg":"register failed","error":"context deadline exceeded"}
{"level":"ERROR","time":"2025-08-19T15:19:48.360+0800","caller":"discovery/discovery.go:117","msg":"register failed","error":"context deadline exceeded"}
{"level":"ERROR","time":"2025-08-19T15:19:51.152+0800","caller":"discovery/discovery.go:117","msg":"register failed","error":"context deadline exceeded"}
{"level":"ERROR","time":"2025-08-19T15:19:51.361+0800","caller":"discovery/discovery.go:117","msg":"register failed","error":"context deadline exceeded"}
{"level":"ERROR","time":"2025-08-19T15:19:54.152+0800","caller":"discovery/discovery.go:117","msg":"register failed","error":"context deadline exceeded"}
{"level":"ERROR","time":"2025-08-19T15:19:54.361+0800","caller":"discovery/discovery.go:117","msg":"register failed","error":"context deadline exceeded"}
{"level":"ERROR","time":"2025-08-19T15:19:57.153+0800","caller":"discovery/discovery.go:117","msg":"register failed","error":"context deadline exceeded"}
{"level":"ERROR","time":"2025-08-19T15:19:57.362+0800","caller":"discovery/discovery.go:117","msg":"register failed","error":"context deadline exceeded"}
{"level":"ERROR","time":"2025-08-19T15:20:00.153+0800","caller":"discovery/discovery.go:117","msg":"register failed","error":"context deadline exceeded"}
{"level":"ERROR","time":"2025-08-19T15:20:00.362+0800","caller":"discovery/discovery.go:117","msg":"register failed","error":"context deadline exceeded"}
{"level":"ERROR","time":"2025-08-19T15:20:03.154+0800","caller":"discovery/discovery.go:117","msg":"register failed","error":"context deadline exceeded"}
{"level":"ERROR","time":"2025-08-19T15:20:03.362+0800","caller":"discovery/discovery.go:117","msg":"register failed","error":"context deadline exceeded"}
{"level":"ERROR","time":"2025-08-19T15:20:06.155+0800","caller":"discovery/discovery.go:117","msg":"register failed","error":"context deadline exceeded"}
{"level":"ERROR","time":"2025-08-19T15:20:06.363+0800","caller":"discovery/discovery.go:117","msg":"register failed","error":"context deadline exceeded"}
{"level":"ERROR","time":"2025-08-19T15:20:09.156+0800","caller":"discovery/discovery.go:117","msg":"register failed","error":"context deadline exceeded"}
{"level":"ERROR","time":"2025-08-19T15:20:09.364+0800","caller":"discovery/discovery.go:117","msg":"register failed","error":"context deadline exceeded"}
{"level":"ERROR","time":"2025-08-19T15:20:12.156+0800","caller":"discovery/discovery.go:117","msg":"register failed","error":"context deadline exceeded"}
{"level":"ERROR","time":"2025-08-19T15:20:12.365+0800","caller":"discovery/discovery.go:117","msg":"register failed","error":"context deadline exceeded"}
{"level":"ERROR","time":"2025-08-21T15:09:01.823+0800","caller":"login_service_v1/login_service.go:224","msg":"TokenVerify从缓存获取用户信息失败","error":"dial tcp [::1]:6379: connectex: No connection could be made because the target machine actively refused it."}
{"level":"ERROR","time":"2025-08-21T15:09:01.843+0800","caller":"login_service_v1/login_service.go:224","msg":"TokenVerify从缓存获取用户信息失败","error":"dial tcp [::1]:6379: connectex: No connection could be made because the target machine actively refused it."}
{"level":"ERROR","time":"2025-08-21T15:09:01.853+0800","caller":"login_service_v1/login_service.go:224","msg":"TokenVerify从缓存获取用户信息失败","error":"dial tcp [::1]:6379: connectex: No connection could be made because the target machine actively refused it."}
{"level":"ERROR","time":"2025-08-21T15:09:01.860+0800","caller":"login_service_v1/login_service.go:224","msg":"TokenVerify从缓存获取用户信息失败","error":"dial tcp [::1]:6379: connectex: No connection could be made because the target machine actively refused it."}
{"level":"ERROR","time":"2025-08-21T15:09:17.139+0800","caller":"login_service_v1/login_service.go:224","msg":"TokenVerify从缓存获取用户信息失败","error":"dial tcp [::1]:6379: connectex: No connection could be made because the target machine actively refused it."}
{"level":"ERROR","time":"2025-08-21T15:09:17.140+0800","caller":"login_service_v1/login_service.go:224","msg":"TokenVerify从缓存获取用户信息失败","error":"dial tcp [::1]:6379: connectex: No connection could be made because the target machine actively refused it."}
{"level":"ERROR","time":"2025-08-21T15:09:17.163+0800","caller":"login_service_v1/login_service.go:224","msg":"TokenVerify从缓存获取用户信息失败","error":"dial tcp [::1]:6379: connectex: No connection could be made because the target machine actively refused it."}
{"level":"ERROR","time":"2025-08-21T15:09:17.172+0800","caller":"login_service_v1/login_service.go:224","msg":"TokenVerify从缓存获取用户信息失败","error":"dial tcp [::1]:6379: connectex: No connection could be made because the target machine actively refused it."}
{"level":"ERROR","time":"2025-08-21T15:09:22.362+0800","caller":"login_service_v1/login_service.go:224","msg":"TokenVerify从缓存获取用户信息失败","error":"dial tcp [::1]:6379: connectex: No connection could be made because the target machine actively refused it."}
{"level":"ERROR","time":"2025-08-21T15:09:22.486+0800","caller":"login_service_v1/login_service.go:224","msg":"TokenVerify从缓存获取用户信息失败","error":"dial tcp [::1]:6379: connectex: No connection could be made because the target machine actively refused it."}
{"level":"ERROR","time":"2025-08-21T15:09:22.489+0800","caller":"login_service_v1/login_service.go:224","msg":"TokenVerify从缓存获取用户信息失败","error":"dial tcp [::1]:6379: connectex: No connection could be made because the target machine actively refused it."}
{"level":"ERROR","time":"2025-08-21T15:09:22.494+0800","caller":"login_service_v1/login_service.go:224","msg":"TokenVerify从缓存获取用户信息失败","error":"dial tcp [::1]:6379: connectex: No connection could be made because the target machine actively refused it."}
{"level":"ERROR","time":"2025-08-21T15:09:22.510+0800","caller":"login_service_v1/login_service.go:224","msg":"TokenVerify从缓存获取用户信息失败","error":"dial tcp [::1]:6379: connectex: No connection could be made because the target machine actively refused it."}
{"level":"ERROR","time":"2025-08-21T15:54:44.852+0800","caller":"login_service_v1/login_service.go:304","msg":"FindMemInfoByIds向db查询用户信息失败","error":"dial tcp 127.0.0.1:3309: connectex: Only one usage of each socket address (protocol/network address/port) is normally permitted."}
{"level":"ERROR","time":"2025-08-21T15:54:44.852+0800","caller":"login_service_v1/login_service.go:304","msg":"FindMemInfoByIds向db查询用户信息失败","error":"dial tcp 127.0.0.1:3309: connectex: Only one usage of each socket address (protocol/network address/port) is normally permitted."}
{"level":"ERROR","time":"2025-08-21T15:54:44.858+0800","caller":"login_service_v1/login_service.go:304","msg":"FindMemInfoByIds向db查询用户信息失败","error":"dial tcp 127.0.0.1:3309: connectex: Only one usage of each socket address (protocol/network address/port) is normally permitted."}
{"level":"ERROR","time":"2025-08-21T15:54:44.858+0800","caller":"login_service_v1/login_service.go:304","msg":"FindMemInfoByIds向db查询用户信息失败","error":"dial tcp 127.0.0.1:3309: connectex: Only one usage of each socket address (protocol/network address/port) is normally permitted."}
{"level":"ERROR","time":"2025-08-21T15:54:44.858+0800","caller":"login_service_v1/login_service.go:304","msg":"FindMemInfoByIds向db查询用户信息失败","error":"dial tcp 127.0.0.1:3309: connectex: Only one usage of each socket address (protocol/network address/port) is normally permitted."}
{"level":"ERROR","time":"2025-08-21T15:58:31.321+0800","caller":"login_service_v1/login_service.go:304","msg":"FindMemInfoByIds向db查询用户信息失败","error":"invalid connection"}
{"level":"ERROR","time":"2025-08-21T15:58:31.321+0800","caller":"login_service_v1/login_service.go:304","msg":"FindMemInfoByIds向db查询用户信息失败","error":"invalid connection"}
{"level":"ERROR","time":"2025-08-22T17:05:53.458+0800","caller":"discovery/discovery.go:117","msg":"register failed","error":"context deadline exceeded"}
{"level":"ERROR","time":"2025-08-22T17:11:55.076+0800","caller":"discovery/discovery.go:117","msg":"register failed","error":"context deadline exceeded"}
{"level":"ERROR","time":"2025-08-22T17:11:55.076+0800","caller":"discovery/resolver.go:101","msg":"sync failed","error":"context deadline exceeded"}
{"level":"ERROR","time":"2025-09-01T10:21:40.344+0800","caller":"login_service_v1/login_service.go:218","msg":"TokenVerify解析token失败","error":"Token is expired"}
{"level":"ERROR","time":"2025-09-01T10:21:40.344+0800","caller":"login_service_v1/login_service.go:218","msg":"TokenVerify解析token失败","error":"Token is expired"}
{"level":"ERROR","time":"2025-09-01T10:21:40.344+0800","caller":"login_service_v1/login_service.go:218","msg":"TokenVerify解析token失败","error":"Token is expired"}
{"level":"ERROR","time":"2025-09-01T10:21:40.344+0800","caller":"login_service_v1/login_service.go:218","msg":"TokenVerify解析token失败","error":"Token is expired"}
{"level":"ERROR","time":"2025-09-01T10:21:51.107+0800","caller":"login_service_v1/login_service.go:218","msg":"TokenVerify解析token失败","error":"Token is expired"}
{"level":"ERROR","time":"2025-09-01T10:21:51.107+0800","caller":"login_service_v1/login_service.go:218","msg":"TokenVerify解析token失败","error":"Token is expired"}
{"level":"ERROR","time":"2025-09-01T10:21:51.107+0800","caller":"login_service_v1/login_service.go:218","msg":"TokenVerify解析token失败","error":"Token is expired"}
{"level":"ERROR","time":"2025-09-01T10:21:51.107+0800","caller":"login_service_v1/login_service.go:218","msg":"TokenVerify解析token失败","error":"Token is expired"}
{"level":"ERROR","time":"2025-09-01T10:21:53.984+0800","caller":"login_service_v1/login_service.go:218","msg":"TokenVerify解析token失败","error":"Token is expired"}
{"level":"ERROR","time":"2025-09-01T10:21:53.984+0800","caller":"login_service_v1/login_service.go:218","msg":"TokenVerify解析token失败","error":"Token is expired"}
{"level":"ERROR","time":"2025-09-01T10:21:53.985+0800","caller":"login_service_v1/login_service.go:218","msg":"TokenVerify解析token失败","error":"Token is expired"}
{"level":"ERROR","time":"2025-09-01T10:21:53.985+0800","caller":"login_service_v1/login_service.go:218","msg":"TokenVerify解析token失败","error":"Token is expired"}
{"level":"ERROR","time":"2025-11-24T16:17:00.801+0800","caller":"login_service_v1/login_service.go:219","msg":"TokenVerify解析token失败","error":"Token is expired"}
{"level":"ERROR","time":"2025-11-24T16:17:00.801+0800","caller":"login_service_v1/login_service.go:219","msg":"TokenVerify解析token失败","error":"Token is expired"}
{"level":"ERROR","time":"2025-11-24T16:17:00.801+0800","caller":"login_service_v1/login_service.go:219","msg":"TokenVerify解析token失败","error":"Token is expired"}
{"level":"ERROR","time":"2025-11-24T16:17:00.801+0800","caller":"login_service_v1/login_service.go:219","msg":"TokenVerify解析token失败","error":"Token is expired"}
{"level":"ERROR","time":"2025-11-24T16:51:21.042+0800","caller":"login_service_v1/login_service.go:219","msg":"TokenVerify解析token失败","error":"token contains an invalid number of segments"}
{"level":"FATAL","time":"2025-11-27T16:27:00.485+0800","caller":"config/gorm.go:29","msg":"连接mysql数据库失败","error":"dial tcp 127.0.0.1:33091: connectex: No connection could be made because the target machine actively refused it."}
{"level":"ERROR","time":"2025-11-27T16:29:10.341+0800","caller":"config/gorm.go:29","msg":"连接mysql数据库失败","error":"dial tcp 127.0.0.1:33091: connectex: No connection could be made because the target machine actively refused it."}
{"level":"ERROR","time":"2025-11-27T16:34:07.492+0800","caller":"config/gorm.go:29","msg":"连接mysql数据库失败","error":"dial tcp 127.0.0.1:33091: connectex: No connection could be made because the target machine actively refused it."}
{"level":"ERROR","time":"2025-12-01T15:38:14.994+0800","caller":"config/gorm.go:29","msg":"连接mysql数据库失败","error":"dial tcp 127.0.0.1:33091: connectex: No connection could be made because the target machine actively refused it."}
{"level":"ERROR","time":"2025-12-01T15:38:19.987+0800","caller":"config/gorm.go:29","msg":"连接mysql数据库失败","error":"dial tcp 127.0.0.1:33091: connectex: No connection could be made because the target machine actively refused it."}
{"level":"ERROR","time":"2025-12-06T10:12:10.668+0800","caller":"login_service_v1/login_service.go:219","msg":"TokenVerify解析token失败","error":"Token is expired"}
{"level":"ERROR","time":"2025-12-18T10:50:50.095+0800","caller":"login_service_v1/login_service.go:220","msg":"TokenVerify解析token失败","error":"Token is expired"}
{"level":"ERROR","time":"2025-12-18T10:51:49.566+0800","caller":"login_service_v1/login_service.go:226","msg":"TokenVerify从缓存获取用户信息失败","error":"redis: nil"}
{"level":"ERROR","time":"2026-02-09T22:26:08.451+0800","caller":"login_service_v1/login_service.go:244","msg":"TokenVerify解析token失败","error":"Token is expired"}
{"level":"ERROR","time":"2026-02-09T22:26:08.451+0800","caller":"login_service_v1/login_service.go:244","msg":"TokenVerify解析token失败","error":"Token is expired"}
{"level":"ERROR","time":"2026-02-09T22:26:08.451+0800","caller":"login_service_v1/login_service.go:244","msg":"TokenVerify解析token失败","error":"Token is expired"}
{"level":"ERROR","time":"2026-02-09T22:26:08.451+0800","caller":"login_service_v1/login_service.go:244","msg":"TokenVerify解析token失败","error":"Token is expired"}
{"level":"ERROR","time":"2026-02-09T22:26:13.897+0800","caller":"login_service_v1/login_service.go:244","msg":"TokenVerify解析token失败","error":"Token is expired"}
{"level":"ERROR","time":"2026-02-09T22:26:13.898+0800","caller":"login_service_v1/login_service.go:244","msg":"TokenVerify解析token失败","error":"Token is expired"}
{"level":"ERROR","time":"2026-02-09T22:26:13.898+0800","caller":"login_service_v1/login_service.go:244","msg":"TokenVerify解析token失败","error":"Token is expired"}
{"level":"ERROR","time":"2026-02-09T22:26:13.898+0800","caller":"login_service_v1/login_service.go:244","msg":"TokenVerify解析token失败","error":"Token is expired"}
{"level":"ERROR","time":"2026-02-09T22:26:20.517+0800","caller":"login_service_v1/login_service.go:244","msg":"TokenVerify解析token失败","error":"Token is expired"}
{"level":"ERROR","time":"2026-02-09T22:26:20.520+0800","caller":"login_service_v1/login_service.go:244","msg":"TokenVerify解析token失败","error":"Token is expired"}
{"level":"ERROR","time":"2026-02-09T22:26:20.522+0800","caller":"login_service_v1/login_service.go:244","msg":"TokenVerify解析token失败","error":"Token is expired"}
{"level":"ERROR","time":"2026-02-09T22:26:20.522+0800","caller":"login_service_v1/login_service.go:244","msg":"TokenVerify解析token失败","error":"Token is expired"}
{"level":"ERROR","time":"2026-02-09T22:29:12.560+0800","caller":"login_service_v1/login_service.go:244","msg":"TokenVerify解析token失败","error":"Token is expired"}
{"level":"ERROR","time":"2026-02-09T22:29:12.559+0800","caller":"login_service_v1/login_service.go:244","msg":"TokenVerify解析token失败","error":"Token is expired"}
{"level":"ERROR","time":"2026-02-09T22:29:12.559+0800","caller":"login_service_v1/login_service.go:244","msg":"TokenVerify解析token失败","error":"Token is expired"}
{"level":"ERROR","time":"2026-02-09T22:29:12.559+0800","caller":"login_service_v1/login_service.go:244","msg":"TokenVerify解析token失败","error":"Token is expired"}
{"level":"ERROR","time":"2026-02-09T22:29:16.655+0800","caller":"login_service_v1/login_service.go:244","msg":"TokenVerify解析token失败","error":"Token is expired"}
{"level":"ERROR","time":"2026-02-09T22:29:16.656+0800","caller":"login_service_v1/login_service.go:244","msg":"TokenVerify解析token失败","error":"Token is expired"}
{"level":"ERROR","time":"2026-02-09T22:29:16.656+0800","caller":"login_service_v1/login_service.go:244","msg":"TokenVerify解析token失败","error":"Token is expired"}
{"level":"ERROR","time":"2026-02-09T22:29:16.657+0800","caller":"login_service_v1/login_service.go:244","msg":"TokenVerify解析token失败","error":"Token is expired"}
{"level":"ERROR","time":"2026-02-27T16:18:53.616+0800","caller":"login_service_v1/login_service.go:290","msg":"TokenVerify解析token失败","error":"Token is expired"}
{"level":"ERROR","time":"2026-02-27T16:18:53.616+0800","caller":"login_service_v1/login_service.go:290","msg":"TokenVerify解析token失败","error":"Token is expired"}
{"level":"ERROR","time":"2026-02-27T16:18:53.616+0800","caller":"login_service_v1/login_service.go:290","msg":"TokenVerify解析token失败","error":"Token is expired"}
{"level":"ERROR","time":"2026-02-27T16:18:53.616+0800","caller":"login_service_v1/login_service.go:290","msg":"TokenVerify解析token失败","error":"Token is expired"}
